"Genus","ACM01","ACM07","ACM11","ACM14","ACM16","ACM21","ACM22","ACS01","ACS02","ACS03","ACS05","ACS07","ACS13","ACS15","ACS16","ACS19","ACS21","ACW01","ACW02","ACW06","ACW09","ACW10","ACW16","ACW19","ACW20","APM02","APM19","APM21","APW05","APW06","TCM01","TCM02","TCM03","TCM04","TCM05","TCM06","TCM09","TCM10","TCM12","TCM13","TCS04","TCS06","TCS09","TCS10","TCS11","TCS13","TCS16","TCS17","TCW01","TCW02","TCW03","TCW07","TCW09","TCW11","TCW12","TCW13","TCW14","TCW17","TPS03","TPS13"
"AB076847_g",0,0,0,0,0,0,0,0,0,0,0,0,0,0,0,0,0,0,0,0,0,0,0,0,0,0,0,0,0,0,0,0,0,654.587327894774,0,0,0,0,0,0,0,0,0,0,0,0,0,0,0,0,0,0,0,0,0,641.795431009082,0,0,0,0
"Acholeplasma",0,0,0,0,0,0,0,0,0,0,0,0,0,0,0,0,0,0,0,0,0,0,0,0,0,0,0,0,0,0,0,0,0,0,0,0,0,0,683.125236234414,0,0,0,0,0,0,0,0,0,0,0,0,0,0,0,0,0,0,0,0,0
"Achromobacter",0,0,0,0,0,0,0,0,0,0,0,0,0,0,0,0,0,410.181945147742,0,0,0,0,0,0,0,0,0,0,0,0,0,0,0,0,0,0,0,0,0,0,0,0,0,0,0,0,0,0,0,0,0,0,0,0,0,0,0,0,0,0
"Acidipila",0,0,0,0,0,0,0,2335.53480146998,0,0,0,0,3140.27551402959,0,0,0,0,0,0,0,0,0,0,0,0,0,0,0,0,0,0,0,0,0,0,0,0,0,0,0,0,0,0,0,1953.70397992647,0,0,0,0,0,0,0,0,0,0,0,0,0,0,0
"Acidovorax",0,0,0,5546.75237667354,0,0,0,0,0,0,0,0,0,0,0,0,0,4306.3964115887,5481.14993311455,0,0,0,1292.123946298,0,0,0,0,0,17058.3489045563,0,8064.67719201016,0,0,9137.63242428021,0,0,0,0,1172.02356734291,0,0,0,0,0,0,0,0,0,14063.2554492888,0,6220.16859146642,0,4006.48979833461,0,154130.149285932,18323.6865430577,1646.0203091162,2537.37333179743,0,0
"Acinetobacter",37148.4543504538,0,23488.3418249785,92403.3478430046,29085.4101482755,759.22049055516,819.842838807845,0,0,0,0,0,0,0,0,0,0,76594.5390880958,22005.2408148446,0,1028.40918751684,0,7308.82379439726,11625.3301265387,13214.3357144451,0,6001.67041422702,2122.66710288516,0,0,5699.92772548119,0,0,66319.0028739269,14380.1118691656,45291.3614355331,326941.528075212,86044.013739751,98663.6804996478,7247.08648005514,0,0,0,0,0,0,0,0,0,0,6147.24949402011,0,3645.03121992382,0,0,3069.05655442624,858.6198012593,33013.6512887213,0,0
"Actinoallomurus",0,0,0,0,0,0,0,4050.43797737451,0,0,0,0,0,0,0,0,0,0,0,0,0,0,0,0,0,0,0,0,0,0,0,0,0,0,0,0,0,0,0,0,0,0,0,5412.87573021529,2605.27641721523,5591.61917565601,7476.43058136607,0,0,0,0,0,0,0,0,0,0,0,2179.02966215142,3289.18978672743
"Actinocorallia",0,0,0,0,0,0,0,0,0,0,0,0,0,0,0,0,0,0,0,0,0,0,0,0,0,0,0,0,0,0,0,0,0,0,0,0,0,0,0,0,0,0,2028.55246957571,0,0,0,0,0,0,0,0,0,0,0,0,0,0,0,0,0
"Actinomycetospora",0,0,0,0,0,0,0,3010.18901792473,0,0,0,1645.34816400842,0,0,5002.91423613462,0,0,0,0,0,0,0,0,0,0,0,0,0,0,0,0,0,0,0,0,0,0,0,0,0,0,0,0,0,0,0,0,0,0,0,0,0,0,0,0,0,0,0,0,0
"Actinoplanes",0,0,0,0,0,0,0,4370.80450474129,0,0,0,0,0,0,0,0,0,0,0,0,0,0,0,0,0,0,0,0,0,0,0,0,0,0,0,0,0,0,0,0,0,0,0,0,3692.58158861622,0,11219.6726070881,0,0,0,0,0,0,0,0,0,0,0,0,4870.8679747276
"Actinospica",0,0,0,0,0,0,0,0,0,0,0,0,0,0,0,0,0,0,0,0,0,0,0,0,0,0,0,0,0,0,0,0,0,0,0,0,0,0,0,0,11400.1582390445,0,0,0,0,0,0,0,0,0,0,0,0,0,0,0,0,0,0,0
"Actinotalea",0,0,0,0,0,0,0,0,0,0,0,1191.86694444948,0,0,0,0,0,0,0,0,0,0,0,0,0,0,0,0,0,0,0,0,0,0,0,0,0,0,0,0,0,0,0,0,0,0,0,0,0,0,0,0,0,0,0,0,0,0,0,0
"Acuticoccus",0,0,0,0,0,0,0,0,0,0,0,0,0,0,1884.05602498703,0,0,0,0,0,0,0,0,0,0,0,0,0,0,0,0,0,0,0,0,0,0,0,0,0,0,0,0,0,0,0,0,0,0,0,0,0,0,0,0,0,0,0,0,0
"Advenella",0,0,0,0,0,0,0,0,0,0,0,0,0,0,0,0,0,0,0,0,0,0,0,0,0,0,0,330.567772815118,0,0,0,0,0,0,0,0,0,0,0,0,0,0,0,0,0,0,0,0,0,0,0,0,0,0,0,0,0,0,0,0
"Aequorivita",0,0,0,0,0,0,704.605397983223,0,0,0,0,0,0,0,0,0,0,0,0,0,0,0,0,0,0,0,0,0,0,0,0,0,0,0,0,0,0,0,0,0,0,0,0,0,0,0,0,0,0,0,0,0,0,0,0,0,0,0,0,0
"Aeriscardovia",0,1463.00251066085,0,0,0,0,1136.93409754749,0,0,0,0,0,0,0,0,0,0,0,0,0,0,0,0,0,0,0,0,0,0,0,0,0,0,0,0,0,0,0,0,0,0,0,0,0,0,0,0,0,0,0,0,0,0,0,0,0,0,0,0,0
"Aeromicrobium",0,0,0,0,0,0,0,0,0,0,0,0,0,0,1767.48852991589,0,0,0,0,0,0,0,0,0,0,0,0,0,0,0,0,0,0,0,0,0,0,0,0,0,0,0,0,0,0,0,0,0,0,0,0,0,0,0,0,0,0,0,0,0
"Aeromonas",0,0,0,0,0,0,0,0,0,0,0,0,0,0,0,0,0,0,0,0,0,0,0,0,0,0,0,0,0,0,0,0,0,0,0,0,0,0,0,0,0,0,0,0,0,0,0,0,0,0,1084.1769682327,0,0,0,0,0,1375.38699418709,0,0,0
"Aestuariivirga",0,0,0,0,0,0,0,0,0,0,0,0,0,0,0,0,0,11882.4260977197,1153.41184504238,3006.81458103339,7311.08023225023,4284.87809737003,2503.9855922508,0,1848.68059242236,0,0,0,0,0,0,0,0,0,0,0,0,0,0,0,0,0,0,0,0,0,0,0,0,363.353875448789,0,12408.6957156382,0,0,0,0,6062.18625441205,870.78773960029,0,0
"AF236014_g",0,0,0,0,0,0,0,0,0,0,0,0,0,0,0,0,0,0,0,0,1053.97737173687,1269.71891466911,0,0,0,0,0,0,0,0,0,0,0,0,0,0,0,0,0,0,0,0,0,0,0,0,0,0,0,0,0,0,0,0,0,708.799662291505,0,0,0,0
"Afipia",0,0,0,0,0,0,0,0,0,0,0,0,0,0,0,0,0,0,0,0,0,0,0,0,0,0,0,0,41182.7833165781,0,0,0,0,0,0,0,0,0,0,0,0,0,0,0,846.132169729567,0,0,0,0,0,0,0,0,0,0,0,0,0,0,0
"Agathobaculum",0,0,0,0,0,0,0,0,0,0,0,0,0,0,0,0,0,0,0,0,0,0,0,0,0,0,0,0,0,0,0,0,0,0,1719.69920798582,0,0,0,0,0,0,0,0,0,0,0,0,0,0,0,0,0,0,0,0,0,0,0,0,0
"Agrococcus",0,0,0,0,0,0,532.502422634034,0,0,0,0,0,0,0,0,0,0,0,0,0,0,0,0,0,0,0,0,0,0,0,0,0,0,0,0,0,0,0,0,0,0,0,0,0,0,0,0,0,0,0,0,0,0,0,0,0,0,0,0,0
"Agromyces",0,0,0,0,0,0,0,0,0,0,0,1838.57059669006,0,0,0,0,0,0,0,0,0,0,0,0,0,0,0,0,0,0,0,0,0,0,0,0,0,0,0,0,0,0,0,0,0,0,0,0,0,0,0,0,0,0,1794.14465405066,0,0,0,0,0
"Albirhodobacter",0,0,0,0,0,0,0,0,0,0,0,0,0,0,0,0,0,0,0,0,0,0,0,0,0,0,0,0,0,0,0,0,0,0,0,0,0,0,948.073283596148,0,0,0,0,0,0,0,0,0,0,0,0,0,0,0,0,0,0,0,0,0
"Alcaligenes",0,0,0,0,0,0,0,0,0,0,0,0,0,0,0,0,0,0,0,0,0,0,0,0,0,0,0,418.250288441256,0,0,0,0,0,0,0,0,0,0,0,0,0,0,0,0,0,0,0,0,0,0,0,0,0,0,0,0,0,0,0,0
"Algoriella",1291.04853001064,0,364.465028698229,658.676844729983,465.169813810675,0,0,0,0,0,0,0,0,0,0,0,0,0,0,0,0,0,0,0,0,0,0,0,0,0,0,0,0,0,0,0,0,0,480.186306340319,0,0,0,0,0,0,0,0,0,0,0,0,0,0,0,0,0,0,0,0,0
"Algoriphagus",0,0,0,0,0,0,0,0,0,0,0,0,0,0,0,0,0,0,0,0,0,0,0,0,0,0,0,0,0,0,0,0,0,795.358796259241,0,0,0,0,0,0,0,0,0,0,0,0,0,0,0,0,0,0,0,0,0,0,0,0,0,0
"Aliarcobacter",0,0,861.733491056108,0,0,0,0,0,0,0,0,0,0,0,0,0,0,0,0,0,0,0,0,0,0,0,0,0,0,0,0,0,0,0,0,0,0,0,0,0,0,0,0,0,0,0,0,0,0,0,0,0,0,0,0,0,0,0,0,0
"Alicycliphilus",0,0,0,0,0,0,0,0,0,0,0,0,0,0,0,0,0,0,0,0,0,0,0,0,0,0,0,0,0,0,0,0,0,0,0,0,0,0,0,0,0,0,0,0,0,0,0,0,0,0,0,0,0,0,0,509.757681129015,515.057929886136,0,0,0
"Aliicoccus",0,0,0,0,0,0,1307.90729406506,0,0,0,0,0,0,0,0,0,0,0,0,0,0,0,0,0,0,0,0,0,0,0,0,0,0,0,0,0,0,0,0,0,0,0,0,0,0,0,0,0,0,0,0,0,0,0,0,0,0,0,0,0
"Alistipes",0,0,0,0,0,0,0,0,0,0,0,0,0,0,0,0,0,0,0,0,0,0,0,0,0,1063.02830739754,0,0,0,0,0,0,0,0,1476.20716727817,493.894203369796,0,0,0,0,0,0,0,0,0,0,0,0,0,0,0,0,0,0,0,0,0,0,0,0
"Allonocardiopsis",0,0,0,0,0,0,0,4084.3591390957,0,0,0,0,0,0,0,0,0,0,0,0,0,0,0,0,0,0,0,0,0,0,0,0,0,0,0,0,0,0,0,0,0,0,0,0,3000.47587373563,0,0,0,0,0,0,0,0,0,0,0,0,0,0,0
"Alloprevotella",0,0,0,0,0,0,0,0,0,0,0,0,0,0,0,0,0,0,0,0,0,0,0,0,0,0,0,0,0,0,0,0,0,0,618.997838425464,0,0,0,0,0,0,0,0,0,0,0,0,0,0,0,0,0,0,0,0,0,0,0,0,0
"Allorhizocola",0,0,0,0,0,0,0,0,0,0,0,0,0,0,0,0,3996.77966275059,0,0,0,0,0,0,0,0,0,0,0,0,0,0,0,0,0,0,0,0,0,0,0,0,0,0,0,0,0,0,0,0,0,0,0,0,0,0,0,0,0,0,0
"Alphabaculovirus",0,0,0,0,0,0,0,0,0,0,0,0,0,0,0,0,0,0,0,0,0,0,0,0,0,0,0,0,0,0,0,0,0,0,0,0,0,0,0,0,0,0,0,0,0,0,0,0,0,0,0,0,0,0,0,0,0,0,0,1651.76261929121
"Alsobacter",0,0,0,0,0,0,0,0,0,0,0,0,0,0,0,0,0,0,1482.49262569007,0,9056.81903260685,0,0,0,0,0,0,0,640.320234820973,0,0,0,0,0,0,0,0,0,0,0,0,0,0,0,0,0,0,0,0,0,1102.26542651395,0,0,0,0,601.067368857022,0,0,0,0
"Altererythrobacter",5693.81743746736,1576.38325039672,0,0,0,0,932.067536081495,0,0,0,0,0,0,0,2453.33914045073,2382.73675928955,0,0,0,0,0,0,0,0,0,0,0,0,3551.71551878219,0,2582.44439310733,0,0,11373.5525801358,0,0,0,0,0,0,0,0,1949.02782126676,0,0,0,0,0,0,0,0,0,0,0,0,3454.65933641429,0,0,0,0
"ALYD_g",0,0,0,0,0,0,0,0,0,0,0,0,0,0,0,0,0,0,0,0,0,0,0,0,0,0,0,0,0,0,0,0,0,0,0,0,0,810.17174415376,0,0,0,0,0,0,0,0,0,0,0,0,0,0,0,0,0,0,0,0,0,0
"Amauroascus",2844.70806783025,792.101305878908,0,0,0,0,0,0,2195.28356409938,2891.85789533831,0,0,6309.2439007762,0,1486.91328015163,0,0,0,0,1013.95951208059,1464.48877393627,2932.2042136092,0,0,0,0,0,0,1046.45287464667,0,1171.26002750609,0,0,1001.04155281399,0,0,0,0,0,0,0,2174.37478508255,1502.88106549961,2411.28910798726,1458.18466136628,0,0,0,0,0,0,0,784.455803683623,2821.67659562548,0,0,0,675.555447574093,2184.09717299363,0
"Anaeromyxobacter",3035.43114612728,0,0,0,0,0,0,1572.93683240474,0,10182.2143032949,12900.456302392,4106.96252322295,12194.4709047342,13614.3282979365,0,0,7607.77779085064,0,0,0,0,2148.36440362014,0,0,0,0,0,0,0,0,0,0,0,0,0,0,0,0,0,0,6558.99515123111,1626.29916198754,0,3300.00270876305,1419.67804765404,3068.84269384214,4567.626572121,4622.00987722609,0,0,0,0,0,0,0,0,0,0,1902.00573611046,7334.97286580137
"Anaerotignum",0,0,0,0,0,0,0,0,0,0,0,0,0,0,0,0,0,0,0,0,0,0,0,0,0,0,0,0,0,0,0,0,0,0,2116.91393463419,1027.67219166851,0,0,0,0,0,0,0,0,0,0,0,0,0,0,0,0,0,0,0,0,0,0,0,0
"Anaerovibrio",0,0,0,0,0,0,0,0,0,0,0,0,0,0,0,0,0,0,0,0,0,0,0,0,0,0,0,0,0,0,0,0,0,0,0,0,0,390.257437491703,0,0,0,0,0,0,0,0,0,0,0,0,0,0,0,0,0,0,0,0,0,0
"AP014683_g",0,0,0,0,0,0,0,0,0,0,0,0,0,0,0,0,0,0,0,0,0,0,0,0,0,0,0,0,0,0,0,0,0,0,0,0,0,0,0,0,0,0,0,0,0,0,0,0,0,0,0,0,0,0,0,0,663.194060163122,0,0,0
"AP018536_g",0,0,0,0,0,0,0,0,0,0,0,0,0,0,0,0,0,0,0,0,0,0,0,0,0,0,0,0,0,0,0,0,0,0,540.963039837231,566.349745990668,0,0,0,0,0,0,0,0,0,0,0,0,0,0,0,0,0,0,0,0,0,0,0,0
"Aquabacterium",0,0,0,0,0,0,0,0,0,0,0,0,0,0,0,0,0,0,0,0,0,0,0,0,0,0,0,0,0,0,13573.7385910195,0,0,49408.4392047887,0,0,0,0,0,0,0,0,0,0,0,0,0,0,0,0,686.796150366385,0,0,9550.88878022748,0,0,1660.26416779668,0,0,0
"Aquamicrobium",0,0,0,0,0,0,999.854265978331,0,0,0,0,0,0,0,0,0,0,0,713.551395661814,0,0,0,0,0,0,0,516.649359021549,0,0,0,0,0,0,0,0,0,0,0,0,0,0,0,0,0,0,0,0,0,0,0,0,0,0,0,0,0,0,0,0,0
"Aquidulcibacter",0,0,0,0,0,0,0,0,0,0,0,0,0,0,0,0,0,0,0,0,0,0,0,0,0,0,0,0,0,0,0,0,0,0,0,0,0,0,0,0,0,0,0,0,0,0,0,0,0,0,0,0,0,0,0,0,0,464.808006512701,0,0
"Aquincola",0,0,0,0,0,0,0,0,0,0,0,0,0,0,0,0,0,0,0,0,0,0,0,0,0,0,0,0,0,0,0,0,0,0,0,0,0,0,0,0,0,0,0,0,0,0,0,0,0,0,0,0,0,0,0,0,572.033364608054,0,0,0
"Aquisphaera",0,0,0,0,0,0,0,1002.55877975957,0,0,0,0,0,0,0,0,0,0,0,0,0,0,0,0,0,0,0,0,0,0,0,0,0,0,0,0,0,0,0,0,2978.05981395875,0,0,0,1011.3052759163,0,0,0,0,0,0,0,0,0,0,0,0,0,0,1132.50069654392
"Aquitalea",0,0,0,0,0,0,0,0,0,0,0,0,0,0,0,0,0,0,0,0,0,0,0,0,0,0,0,0,0,0,0,0,0,0,0,0,0,0,0,0,0,0,0,0,0,0,0,0,0,0,0,0,0,0,0,0,0,26410.0159806167,0,0
"Arcicella",0,0,0,0,0,0,0,0,0,0,0,0,0,0,0,0,0,0,0,0,0,0,0,0,0,0,0,0,0,0,0,0,0,0,0,0,0,0,0,0,0,0,0,0,0,0,0,0,0,0,0,0,568.098876821253,0,0,0,0,0,0,0
"Arcobacter",0,0,421.040482499425,0,0,0,0,0,0,0,0,0,0,0,0,0,0,0,0,0,0,0,0,0,0,0,0,0,0,0,0,0,0,0,0,0,0,0,0,0,0,0,0,0,0,0,0,0,0,0,0,0,0,0,0,0,0,0,0,0
"Arenimonas",0,0,0,0,0,0,0,0,0,0,0,0,0,0,0,0,0,709.851210838385,0,0,0,0,0,0,0,0,0,0,0,0,0,0,0,0,0,0,0,0,0,0,0,0,0,0,0,0,0,0,0,0,0,0,0,0,0,0,0,0,0,0
"Arthrobacter",0,0,355.532062308567,8907.39097289063,1888.78619263307,0,0,0,4061.27459358386,0,0,0,0,0,2666.14259075502,0,0,0,8808.61277703979,0,0,4510.04158490468,4140.94016225409,0,6798.52978700616,2281.27179096724,618.994094336199,376.050147230816,0,0,0,0,0,0,0,0,1531.74593618553,2008.57886653761,0,0,0,0,0,0,1314.29152591527,4941.775674464,0,0,0,0,0,0,0,2167.82601898399,0,0,0,0,0,0
"Asanoa",0,0,0,0,0,0,0,0,5393.85023073892,0,0,0,0,0,0,0,0,0,0,0,0,0,0,0,0,0,0,0,0,0,0,0,0,0,0,0,0,0,0,0,0,0,0,0,0,0,0,0,0,0,0,0,0,0,0,0,0,0,0,0
"Asinibacterium",0,0,0,0,0,0,0,0,0,0,0,0,0,0,0,0,0,0,0,0,0,0,0,0,0,0,0,0,0,0,0,0,0,0,0,0,0,0,0,0,0,0,0,0,0,0,0,0,0,0,1510.38626648476,0,0,0,0,0,0,0,0,0
"Asteriusvirus",0,0,1665.10493503309,0,0,0,0,0,0,0,0,0,0,0,0,0,0,0,0,0,0,0,0,0,0,4722.97607495276,0,0,0,0,0,0,0,0,0,0,0,0,0,0,0,0,0,0,0,0,0,0,0,0,0,0,0,0,0,0,0,0,0,0
"Atopobium",0,0,0,0,0,465.371579149398,0,0,0,0,0,0,0,0,0,0,0,0,0,0,0,0,0,0,0,0,0,0,0,0,0,0,0,0,0,0,0,0,0,0,0,0,0,0,0,0,0,0,0,0,0,0,0,0,0,0,0,0,0,0
"Atopostipes",0,0,0,0,0,0,0,0,0,0,0,0,0,0,0,0,0,0,0,0,0,0,0,0,0,0,0,0,0,0,0,0,753.840149671784,0,0,0,0,0,0,0,0,0,0,0,0,0,0,0,0,0,0,0,0,0,0,0,0,0,0,0
"Aurantimicrobium",0,0,0,0,0,0,0,0,0,0,0,0,0,0,0,0,0,0,0,0,0,0,0,0,0,0,0,0,0,0,0,0,0,0,0,0,0,0,0,0,0,0,0,0,0,0,0,0,22653.1023531374,0,0,0,0,0,45175.4118353095,11529.3261101744,0,0,0,0
"Auraticoccus",0,0,0,0,0,0,440.237151385563,0,0,0,0,0,0,0,0,0,0,0,0,0,0,0,0,0,0,0,0,0,0,0,0,0,0,0,0,0,0,0,0,0,0,0,0,0,0,0,0,0,0,0,0,0,0,0,0,0,0,0,0,0
"Aureimonas",0,0,0,0,0,0,0,0,0,0,0,0,0,0,0,0,0,0,688.300147641819,0,0,0,0,0,0,0,0,0,0,0,0,0,0,0,0,0,0,0,0,0,0,0,0,0,0,0,0,0,0,0,0,0,0,0,0,0,0,0,0,0
"Aviadenovirus",0,10884.551014644,0,0,0,0,0,0,0,0,0,0,0,0,0,0,0,0,0,0,0,0,0,0,0,0,0,0,0,0,0,0,0,0,0,0,0,0,0,0,0,0,0,0,0,0,0,0,0,0,0,0,0,0,0,0,0,0,0,0
"Azohydromonas",0,0,0,0,0,0,0,0,0,0,0,0,0,0,0,0,0,0,0,0,0,0,0,730.457497368682,0,0,0,0,903.295009267496,0,0,0,0,0,0,0,0,0,0,0,0,0,0,0,0,0,0,0,0,0,0,0,0,0,0,0,2387.27071484835,0,0,0
"Azonexus",0,0,6004.14447603848,0,0,0,0,0,0,0,0,0,0,0,0,0,0,0,0,0,0,0,0,0,0,0,0,0,0,0,0,0,0,0,0,0,0,0,0,0,0,0,0,0,0,0,0,0,0,0,0,0,0,0,0,0,0,0,0,0
"Azovibrio",0,0,699.15350276425,0,0,0,0,0,0,0,0,0,0,0,0,0,0,0,0,0,0,0,0,0,0,0,0,0,0,0,0,0,0,0,0,0,0,0,0,0,0,0,0,0,0,0,0,0,0,0,0,0,0,0,0,0,0,0,0,0
"Bacillus",0,0,0,0,0,0,0,0,0,0,0,0,2113.70829015393,0,0,0,0,0,0,0,0,0,0,0,0,0,0,0,0,0,0,0,0,0,0,0,0,0,0,0,0,0,0,0,0,0,0,0,0,0,0,0,0,0,1396.84408436609,0,0,0,0,0
"Bacteroides",0,2240.24702995367,1469.7707366458,0,0,5934.15245069646,354.373960182904,0,0,0,0,0,0,0,0,0,0,0,0,0,0,0,0,0,0,13149.3775578451,0,0,0,0,0,4911.87241555841,0,0,12004.4509707915,5192.86879774542,5158.07996934535,711.764860088495,1641.4479607343,0,0,0,0,0,0,0,0,0,0,0,0,0,0,0,0,0,0,0,0,0
"Baekduia",0,0,0,0,0,0,0,10758.0336229088,12397.5750751507,18714.0624041087,18352.3778855961,6044.11599373017,11234.8537171982,19635.4555208,14461.1465687673,0,21381.8378532931,0,0,0,5204.54594345538,2991.45776296043,0,0,0,0,0,0,0,0,0,0,0,0,0,0,0,0,0,0,20570.4033978809,9483.75716037773,7912.02856904278,17286.350822933,7715.5093896059,21825.3522662702,30777.0230655607,13047.2735962839,27694.3996976217,0,0,0,0,7937.66816107333,0,0,0,0,13018.4353536442,8727.10452371894
"Bailinhaonella",0,0,0,0,0,0,0,0,0,0,0,0,0,0,0,0,0,0,0,0,0,0,0,0,0,0,0,0,0,0,0,0,0,0,0,0,0,0,0,0,0,0,0,0,2748.15622072645,0,0,0,0,0,0,0,0,0,0,0,0,0,0,0
"Belnapia",0,0,0,0,0,0,0,0,0,0,0,0,0,0,0,0,0,0,0,0,0,0,0,0,0,0,0,0,0,0,0,0,0,0,0,0,0,0,0,0,0,0,0,0,0,0,0,0,0,434.591929890556,0,0,0,0,0,0,0,0,0,0
"Bifidobacterium",0,1411.39472567762,0,0,488.358037157733,0,0,0,0,0,0,0,0,0,0,0,0,0,0,0,0,0,0,0,0,822.596956072046,0,0,0,0,0,0,0,0,0,0,0,0,0,0,0,0,0,0,0,0,0,0,0,0,0,0,0,0,0,0,0,0,0,0
"Blastomonas",0,853.874260631557,0,0,0,0,0,0,0,0,0,0,0,0,0,0,0,1010.03448899162,0,0,0,0,0,2597.82128329282,0,0,0,0,0,0,0,0,0,0,0,0,0,0,0,0,0,0,0,0,0,0,0,0,0,0,1259.40890783235,0,0,0,0,0,0,482.262549177295,0,0
"Blautia",0,0,0,0,0,0,0,0,0,0,0,0,0,0,0,0,0,0,0,0,0,0,0,0,0,297.82183663285,0,0,0,0,0,0,0,0,475.249525236612,0,0,0,0,0,0,0,0,0,0,0,0,0,0,0,0,0,0,0,0,0,0,0,0,0
"Bosea",0,0,0,0,0,0,0,0,0,0,0,0,0,0,0,0,0,0,0,0,0,0,0,0,0,0,0,0,2944.85065467483,0,0,0,0,0,0,0,0,0,0,0,0,0,0,0,0,0,0,0,0,0,0,0,0,0,0,0,0,0,0,0
"Brachybacterium",0,1123.64222758933,0,0,1554.66497440501,0,16338.108276913,0,0,0,0,0,0,0,0,0,0,0,0,0,0,0,0,0,0,18450.171473506,2658.77392598166,4461.02381640147,656.658904239248,0,0,0,12978.509090306,0,0,0,0,0,0,0,0,0,0,0,0,0,0,0,0,0,0,0,0,0,0,0,0,0,0,0
"Bradyrhizobium",0,0,0,0,0,0,0,4191.14798155129,19087.4128836431,4507.53171518456,9064.20249173857,0,25931.9807422504,0,8630.06094323195,0,0,0,0,0,0,0,0,0,0,0,0,0,3908.83215035306,421.754990049682,0,0,0,0,0,0,0,0,0,0,11574.483691569,13039.8459578891,11826.2587163171,33485.7700606035,21199.9175124698,24012.0880022206,28940.5891979728,17622.3297223763,0,0,0,0,0,0,0,0,0,0,14325.853150935,15541.2226387891
"Brevibacterium",0,1087.67316532829,0,0,0,0,9397.87691430857,0,0,0,0,0,0,0,0,0,0,0,0,0,0,0,0,0,0,13118.9432095761,2632.50361959073,2378.21240243728,0,0,0,0,1523.66983853236,0,0,0,0,0,0,0,0,0,0,0,0,0,0,0,0,0,0,0,0,0,0,0,0,0,0,0
"Brevilactibacter",0,0,0,0,0,0,0,0,0,0,0,0,0,0,0,0,0,0,0,0,0,0,0,0,0,0,0,0,0,0,0,0,0,654.587327894774,0,0,0,0,0,0,0,0,0,0,0,0,0,0,0,0,0,0,0,0,0,0,0,0,0,0
"Brevundimonas",31909.4380996947,2708.62677548325,0,10371.7336003324,1100.38659883311,0,0,0,0,0,0,0,0,0,0,0,0,19845.5071681819,44701.2254464943,0,24458.8091158183,0,7077.94581933021,2919.27370776915,8371.5663000651,0,0,0,0,0,11688.0712692492,0,0,10032.3133121077,0,0,665.533418537113,0,1266.83089570253,0,0,0,0,0,0,0,0,0,0,0,0,0,7770.06388537164,14158.9785584627,0,1236.29375758351,455.803477775342,5225.37290214487,0,0
"Butyricicoccus",0,0,0,0,0,819.718795844582,0,0,0,0,0,0,0,0,0,0,0,0,0,0,0,0,0,0,0,0,0,0,0,0,0,1069.62317490539,0,0,1375.87671195044,1039.63732714719,0,0,0,0,0,0,0,0,0,0,0,0,0,0,0,0,0,0,0,0,0,0,0,0
"Butyrivibrio",0,0,0,0,0,0,0,0,0,0,0,0,0,0,0,0,0,0,0,0,0,0,0,0,0,0,0,0,0,0,0,0,0,0,0,0,0,2208.7627334375,0,0,0,0,0,0,0,0,0,0,0,0,0,0,0,0,0,0,0,0,0,0
"Caecibacterium",0,4266.24355861335,0,0,0,0,0,0,0,0,0,0,0,0,0,0,0,0,0,0,0,0,0,0,0,0,849.953871356425,0,0,0,0,0,0,0,0,0,0,0,0,0,0,0,0,0,0,0,0,0,0,0,0,0,0,0,0,0,0,0,0,0
"Calidifontimicrobium",0,0,0,0,0,0,0,0,0,0,0,2303.88176110706,0,0,0,0,0,0,0,0,0,0,0,0,0,0,0,0,0,0,0,0,0,1181.69827054839,0,0,0,0,0,0,0,0,0,0,0,0,0,0,0,1446.2518985552,0,0,0,0,0,0,1408.43274632581,0,0,0
"Candidimonas",0,0,0,0,0,0,381.112059197767,0,0,0,0,0,0,0,0,0,0,0,0,0,0,0,0,0,0,0,0,0,0,0,0,0,0,0,0,0,0,0,0,0,0,0,0,0,0,0,0,0,0,0,0,0,0,0,0,0,0,0,0,0
"Carltongylesvirus",0,0,0,0,0,0,0,0,0,0,0,0,0,0,0,0,0,0,0,0,0,0,0,0,0,1391.71926870329,1841.11063956408,0,0,0,0,0,0,0,0,0,0,0,0,0,0,0,0,0,0,0,0,0,0,0,0,0,0,0,0,0,0,0,0,0
"Carnobacterium",0,0,0,0,0,0,0,0,0,0,0,0,0,0,0,0,0,0,0,0,0,0,0,0,0,0,0,0,0,0,0,0,0,0,0,0,1411.02491562639,0,0,0,0,0,0,0,0,0,0,0,0,0,0,0,0,0,0,0,0,0,0,0
"Caryophanon",0,0,2454.18363278661,1060.12304799173,1494.23505901571,0,0,0,0,0,0,0,0,0,0,0,0,0,0,0,0,0,0,0,0,0,0,0,0,0,0,0,0,0,3352.56270024939,0,3374.70125653978,1521.93660424226,0,0,0,0,0,0,0,0,0,0,0,0,0,0,0,0,0,0,0,0,0,0
"Catenulispora",0,0,0,0,0,0,0,3588.10510650794,0,0,0,0,0,0,0,0,0,0,0,0,0,0,0,0,0,0,0,0,0,0,0,0,0,0,0,0,0,0,0,0,0,0,0,0,1982.07727424076,0,0,0,0,0,0,0,0,0,0,0,0,0,0,0
"Caulobacter",0,0,0,0,0,0,0,0,0,0,0,0,0,0,0,0,0,5077.92911793802,6450.47203452729,0,0,0,0,5137.48715778376,0,0,0,0,0,0,0,0,0,0,0,0,0,0,0,0,0,0,0,0,2513.0632106938,0,0,0,0,0,1601.95908653361,0,3451.34642611589,0,0,0,0,0,0,0
"Cellulomonas",0,820.251006778849,2858.54924469199,2312.99574107287,325.337800293569,654.179476975725,0,0,0,0,0,0,0,0,0,0,0,0,0,0,0,0,0,0,0,0,488.189860431379,0,0,0,0,0,0,0,0,0,0,1209.86545819967,0,0,0,0,8289.43367966152,0,0,0,0,0,0,0,0,0,0,0,0,0,0,0,0,0
"Cellulosimicrobium",0,0,0,0,1987.16047349938,0,0,0,0,0,0,0,0,0,5173.69917077373,0,0,0,0,0,0,0,0,0,0,2166.92559675638,6481.65080391123,7177.77512943806,0,0,0,0,0,0,0,0,0,0,0,0,0,0,2624.31339419528,0,0,0,0,0,0,0,0,0,0,0,0,0,0,0,0,0
"Chakrabartia",0,0,0,0,0,0,0,0,0,0,0,0,0,0,0,0,0,0,0,0,3514.20487557549,0,2437.59578826156,501.031214293129,0,0,0,0,0,0,0,0,0,0,0,0,0,0,0,0,0,0,0,0,0,0,0,0,0,0,0,0,0,0,0,0,0,0,0,0
"Chelatococcus",0,0,0,0,0,0,0,0,0,0,0,0,0,0,0,0,0,0,0,0,2860.79572328579,0,0,0,0,0,0,0,0,0,0,0,0,0,0,0,0,0,0,0,0,0,0,0,0,0,0,0,0,0,0,0,0,0,0,0,0,0,0,0
"Chishuiella",1515.51492216021,0,485.953371597639,725.237873250066,623.622673348904,0,0,0,0,0,0,0,0,0,0,0,0,0,0,0,0,0,0,0,0,0,0,0,0,0,0,0,0,0,0,0,0,0,547.32014425983,0,0,0,0,0,0,0,0,0,0,0,0,0,0,0,0,0,0,0,0,0
"Chryseobacterium",990.29290654225,0,0,0,0,0,0,0,0,0,0,0,0,0,0,0,0,21730.9048809663,13391.3070144751,0,0,0,6762.84197353055,7434.94534067126,9400.9138646052,0,0,0,0,7783.05737487938,6520.11635730809,0,0,32798.1880014947,0,0,1266.00291040923,0,0,0,0,0,0,0,0,0,0,0,0,0,0,0,0,0,1418.41696597792,0,6357.31900627158,6348.28181356707,0,0
"Chryseoglobus",0,0,0,0,0,0,0,0,0,0,0,0,0,0,0,0,0,0,0,0,0,0,0,10930.0215026217,0,0,0,0,0,0,0,0,0,0,0,0,0,0,0,0,0,0,0,0,0,0,0,0,0,0,2965.37662948317,0,0,0,0,0,0,1808.80779168642,0,0
"Chryseomicrobium",0,0,0,0,0,0,0,0,0,0,0,0,0,0,0,0,0,0,0,0,0,0,0,0,0,0,0,0,0,0,0,0,0,0,0,0,0,0,0,0,0,0,0,0,0,0,0,0,0,0,0,0,0,3640.93580028639,0,0,0,0,0,0
"Citricoccus",0,0,0,0,0,0,495.219721190774,0,0,0,0,0,0,0,0,0,0,0,0,0,0,0,0,0,0,379.559800555442,0,0,0,0,0,0,0,0,0,0,0,0,0,0,0,0,0,0,0,0,0,0,0,0,0,0,0,0,0,0,0,0,0,0
"Citrobacter",0,0,949.2765616748,0,0,0,0,0,0,0,0,0,0,0,0,0,0,0,0,0,0,0,0,0,0,0,0,747.411389882693,0,0,0,0,0,0,0,0,0,0,805.606055034132,0,0,0,0,0,0,0,0,0,0,0,0,0,0,0,0,0,0,0,0,0
"Clavaria",0,0,0,0,0,0,0,0,0,0,0,0,0,0,0,0,0,0,0,0,0,1992.61221675406,0,0,0,0,0,0,0,0,0,0,0,0,0,0,0,0,0,0,0,0,0,0,0,0,0,0,0,0,0,0,787.04690460413,0,0,0,0,0,0,0
"Cloacibacterium",0,0,0,0,0,0,0,0,0,0,0,0,0,0,0,0,0,1475.72978009921,0,0,0,0,677.770536248336,0,0,0,0,0,0,0,0,0,0,0,0,0,0,0,0,0,0,0,0,0,0,0,0,0,0,0,0,0,0,0,0,2297.85099045012,0,7965.08963594296,0,0
"Clostridium",0,0,0,0,0,979.939582380303,0,0,0,0,0,0,0,0,0,0,0,0,0,0,0,0,0,0,0,0,0,0,0,0,0,0,0,0,0,0,0,0,0,0,0,0,0,0,0,0,0,0,0,0,0,0,0,0,0,0,0,0,0,0
"Collinsella",0,10793.8464228553,0,0,233.287580340097,0,242.525855853124,0,0,0,0,0,0,0,0,0,0,0,0,0,0,0,0,0,0,743.032874168671,0,0,0,0,0,0,0,0,0,0,0,0,0,0,0,0,0,0,0,0,0,0,0,0,0,0,0,0,0,0,0,0,0,0
"Comamonas",12705.0912157865,0,12314.3919336961,56648.2886789198,1602.44676796865,0,0,0,0,0,0,0,0,0,0,0,0,11815.6044775829,2448.55650155184,0,0,0,8878.39766781446,0,6924.95301137585,0,486.000668232135,0,0,0,2026.70910518723,0,0,1241.13511274672,2382.70163208134,0,12359.0104554253,15081.1919928789,12270.6306499601,1277.35014457546,0,0,0,0,0,0,0,0,0,0,3465.63555382412,0,0,0,0,11613.4098513916,1831.19047196244,3126.30253059169,0,0
"Conexibacter",0,0,0,0,0,0,0,6677.44350178211,6245.00403366166,10083.0932100528,9133.11723085211,3444.48561117162,5626.9911495048,10186.1386273757,6878.83764518645,0,11075.663414161,0,0,0,1701.70470531101,2085.72493716313,0,0,0,0,0,0,0,0,0,0,0,0,0,0,0,0,0,0,11723.3866822669,4501.13508219386,4503.25169491856,8296.83849351712,4085.75438125702,9844.01714353228,13743.0935966751,6150.94139851802,9886.18050671604,0,0,0,0,2451.93966240559,0,0,0,0,6121.55309739282,4259.22202891485
"Coprococcus_g2",0,0,0,0,0,1387.47212240685,0,0,0,0,0,0,0,0,0,0,0,0,0,0,0,0,0,0,0,0,0,0,0,0,0,1028.28815328301,0,0,1342.4332268412,1140.67624896712,0,0,0,0,0,0,0,0,0,0,0,0,0,0,0,0,0,0,0,0,0,0,0,0
"Corynebacterium",0,977.420170136856,0,0,33926.8301137673,0,2515.26427211649,0,0,0,0,0,0,0,0,0,0,0,0,0,0,0,0,0,0,1172.59196116612,4434.75609761823,2204.72293301658,0,0,600.960642385322,0,7829.71091381372,710.113851527425,0,0,0,0,0,0,0,0,0,0,0,0,0,0,0,0,0,0,0,0,0,0,0,0,0,0
"CP003591_g",0,519.205594376698,0,0,0,0,0,0,0,0,0,0,0,0,0,0,0,0,0,0,0,0,0,0,0,0,0,0,0,0,0,0,0,0,0,0,0,0,0,0,0,0,0,0,0,0,0,0,0,0,0,0,0,0,0,0,0,0,0,0
"Crenalkalicoccus",0,0,0,0,0,0,0,0,0,0,0,0,0,0,0,0,0,0,0,0,0,0,0,0,0,0,0,0,0,0,0,0,0,0,0,0,0,0,0,0,0,0,0,0,0,0,0,0,0,589.405355465123,0,0,0,0,0,0,446.687408219835,0,0,0
"Croceicoccus",0,0,0,0,0,0,0,0,0,0,0,0,0,0,0,0,0,0,0,0,0,0,0,0,0,0,0,0,0,0,0,0,0,0,0,0,0,0,0,0,0,0,0,0,0,0,0,0,0,0,0,0,0,0,0,569.535965900588,0,0,0,0
"Cronosvirus",0,0,0,0,0,0,0,0,0,0,0,0,0,0,0,0,0,0,0,0,0,0,0,0,0,701.729115803531,0,622.686528082946,0,0,0,0,0,0,0,0,0,0,0,0,0,0,0,0,0,0,0,0,0,0,0,0,0,0,0,0,0,0,0,0
"Cupriavidus",0,0,0,0,0,0,0,0,0,0,0,0,0,0,0,0,0,0,0,0,0,0,0,872.331132028216,0,0,0,0,0,0,0,0,0,0,0,0,0,0,0,0,0,0,0,0,0,0,0,0,0,0,0,0,0,0,0,0,0,0,0,0
"Curtobacterium",0,0,0,0,0,0,0,0,0,0,0,0,0,0,0,0,0,0,2034.76185657901,0,0,0,0,0,0,0,0,0,0,0,0,0,0,0,0,0,0,0,0,0,0,0,0,0,0,0,0,0,0,0,0,0,1472.39309807834,0,0,0,0,0,0,0
"Curvibacter",0,0,0,0,0,0,0,0,0,0,0,0,0,0,0,0,0,0,0,0,0,4652.25010334762,0,0,0,0,0,0,3045.21676681566,9459.87889148096,0,0,0,0,0,0,0,0,0,0,0,0,0,0,0,0,0,0,0,0,0,0,526.641262093134,0,1654.81979364091,1495.11402351758,411.932393039465,3438.54490492498,0,0
"Cutibacterium",0,0,0,0,0,459.38823027462,0,0,0,0,0,0,0,0,0,971.548701395969,0,0,0,0,0,0,0,0,0,0,0,0,0,0,0,0,0,0,0,0,0,0,0,0,0,0,0,0,0,0,0,0,0,0,0,0,0,0,0,0,0,0,0,0
"Dactylosporangium",0,0,0,0,0,0,0,0,0,0,0,0,0,0,0,0,0,0,0,0,0,0,0,0,0,0,0,0,0,0,0,0,0,0,0,0,0,0,0,0,0,0,0,6835.25313537851,0,0,0,0,0,0,0,0,0,0,0,0,0,0,0,0
"Dankookia",0,0,0,0,0,0,0,0,0,0,0,0,0,0,0,0,0,0,0,0,0,0,0,769.440793378734,0,0,0,0,691.67033870698,0,0,0,0,0,0,0,0,0,0,0,0,0,0,0,0,0,0,0,0,450.511048201566,0,0,0,0,0,0,0,0,0,0
"Dechloromonas",0,0,2048.62695869593,0,0,0,0,0,0,0,0,0,0,0,0,0,0,0,0,0,0,0,0,0,0,0,0,0,3881.60103465593,0,0,0,0,0,0,0,0,0,0,0,0,0,0,0,0,0,0,0,0,0,0,0,0,0,0,0,0,1232.80788375483,0,0
"Deinococcus",0,0,0,0,0,0,0,0,0,0,0,0,0,0,0,0,0,22459.2605404579,6397.52586932407,0,0,0,9868.2993720719,10978.5908550276,10647.1843387195,0,0,0,2341.09791807571,1301.78197786786,0,0,0,0,0,0,0,0,0,0,0,0,0,0,0,0,0,0,0,0,0,0,0,0,0,0,0,0,0,0
"Delftia",0,0,0,1882.42908783358,0,0,0,0,0,0,0,0,0,0,0,0,0,0,0,0,0,0,1691.45366283028,1721.01665827984,709.489898511871,0,0,0,2802.47082117272,0,0,0,0,0,0,0,0,0,0,0,0,0,0,0,0,0,0,0,0,0,3002.68407468826,0,0,0,0,4492.56801706358,0,919.919044878406,0,0
"Demequina",0,0,0,0,0,0,771.638941992317,0,0,0,0,0,0,0,0,0,0,0,0,0,0,0,0,0,0,0,0,0,0,0,535.805470698137,0,0,0,0,0,0,0,0,0,0,0,0,0,0,0,0,0,0,0,0,0,0,0,0,0,0,0,0,0
"Denitrobacterium",0,0,0,0,0,787.142785304124,0,0,0,0,0,0,0,0,0,0,0,0,0,0,0,0,0,0,0,0,0,0,0,0,0,0,0,0,0,0,0,0,0,795.055467561844,0,0,0,0,0,0,0,0,0,0,0,0,0,0,0,0,0,0,0,0
"Derxia",0,0,0,0,0,0,0,0,0,0,0,0,0,0,0,0,0,0,0,0,0,0,0,0,0,0,0,0,0,0,0,0,0,0,0,0,0,0,0,0,0,0,0,0,0,0,0,0,0,0,0,0,0,0,0,0,625.590273246657,0,0,0
"Desemzia",0,0,0,0,458.143079463082,0,0,0,0,0,0,0,0,0,0,0,0,0,0,0,0,0,0,0,0,0,0,348.854500672976,0,0,0,0,0,0,0,0,0,0,0,0,0,0,0,0,0,0,0,0,0,0,0,0,0,0,0,0,0,0,0,0
"Desertimonas",0,0,0,0,0,0,0,1320.41262848034,2339.71011436908,8670.61763135281,7341.33401390019,2198.3980861227,3548.35192600501,10197.3878141536,3896.87846894799,0,5612.49910088381,0,0,689.376660656312,1068.18191852578,2028.16434636479,0,0,0,0,0,0,0,0,0,0,0,0,0,0,0,0,0,0,0,5120.92153447887,4960.18145384624,3631.09208944422,1125.81178511323,4852.82371232364,4949.65843508636,8941.75498152882,10121.8775254192,0,0,0,0,2446.10171082843,0,0,1360.00362681218,0,3467.86658635416,1435.13801348253
"Devosia",0,0,0,0,0,0,0,0,0,0,0,0,0,0,0,0,0,0,0,0,0,0,0,0,0,0,0,0,4082.3332589376,0,0,0,0,1382.68864482433,0,0,0,0,0,0,0,0,2492.22160547872,0,1005.22528427752,0,0,0,0,0,0,0,0,0,0,0,0,0,0,0
"Dhakavirus",0,0,0,0,0,0,0,0,0,0,0,0,0,0,0,0,0,0,0,0,0,0,0,0,0,0,601.480556742248,0,0,0,0,0,0,0,0,0,0,0,0,0,0,0,0,0,0,0,0,0,0,0,0,0,0,0,0,0,0,0,0,0
"Dhillonvirus",0,0,0,0,0,0,0,0,0,0,0,0,0,0,0,0,0,0,0,0,0,0,0,0,0,6563.81936882647,0,0,0,0,0,0,0,0,0,0,0,0,0,0,0,0,0,0,0,0,0,0,0,0,0,0,0,0,0,0,0,0,0,0
"Diaphorobacter",0,0,0,791.105557723064,0,0,0,0,0,0,0,0,0,0,0,0,0,0,0,0,0,0,0,0,0,0,0,0,0,0,0,0,0,0,0,0,0,0,0,0,0,0,0,0,0,0,0,0,0,0,0,0,0,0,0,0,0,0,0,0
"Dietzia",0,0,0,0,0,0,3549.38849598711,0,0,0,0,0,0,0,0,0,0,0,0,0,0,0,0,0,0,0,480.527687734025,0,0,0,0,0,409.898499412784,0,0,0,0,0,0,0,0,0,0,0,0,0,0,0,0,0,0,0,0,0,0,0,0,0,0,0
"Dokdonella",0,0,0,0,0,0,0,0,2717.14483240722,0,0,1611.82998691059,0,0,0,0,0,0,0,0,0,0,0,0,0,0,0,0,0,0,1213.41925624485,0,0,2275.02334151242,0,0,0,0,0,0,0,0,1847.93716663674,0,5561.16568559984,0,0,0,0,0,0,0,0,0,0,0,0,0,0,9297.33694195062
"Duganella",0,0,0,0,0,0,0,0,0,0,0,0,0,0,0,0,0,0,4353.80389247991,0,0,4218.85271380723,0,0,0,0,0,0,9795.42133219447,15385.5036034738,0,0,0,0,0,0,0,0,0,0,0,0,0,0,0,0,0,0,0,0,0,0,29037.8202408966,0,16991.3408795188,0,0,5589.33243992881,0,0
"Dyella",0,0,0,0,0,0,0,0,1247.84539433018,0,0,0,3516.47095631943,0,997.600888050685,0,0,0,0,0,0,0,0,0,0,0,385.845125116729,0,0,0,0,0,0,0,0,0,0,0,0,0,4536.09354589571,1050.05142742503,0,0,1548.37120400812,1944.58872790158,0,2958.0863214247,0,0,0,0,0,0,0,0,0,0,1947.61333369038,0
"Dysgonomonas",0,0,425.804731240578,0,0,0,0,0,0,0,0,0,0,0,0,0,0,0,0,0,0,0,0,0,0,0,0,0,0,0,0,0,0,0,0,0,0,0,2215.41665134386,0,0,0,0,0,0,0,0,0,0,0,0,0,0,0,0,0,0,0,0,0
"Dysosmobacter",0,0,495.481869079946,482.567456770598,0,706.699983765442,0,0,0,0,0,0,0,0,0,0,0,0,0,0,0,0,0,0,0,826.509943706638,0,0,0,0,0,1445.4539099643,0,644.420499624007,2361.57943095971,981.141109251439,772.928092670899,909.926667726769,0,915.872719985457,0,0,0,0,0,0,0,0,0,0,0,0,0,0,0,0,0,0,0,0
"Edaphobacter",0,0,0,0,0,0,0,0,0,0,0,0,6146.65095537974,0,0,0,0,0,0,0,0,0,0,0,0,0,0,0,0,0,0,0,0,0,0,0,0,0,0,0,0,0,0,0,1041.70523411017,0,0,0,0,0,0,0,0,0,0,0,0,0,0,0
"Ellagibacter",0,0,0,0,0,800.439116136964,0,0,0,0,0,0,0,0,0,0,0,0,0,0,0,0,0,0,0,0,0,0,0,0,0,0,0,0,0,0,0,0,0,0,0,0,0,0,0,0,0,0,0,0,0,0,0,0,0,0,0,0,0,0
"Empedobacter",1764.92202454863,0,565.754538011957,1270.89963830533,3072.43959348516,0,0,0,0,0,0,0,0,0,0,0,0,0,0,0,0,0,0,0,0,0,1598.65760349782,0,0,0,0,0,0,0,0,0,0,0,559.619473344321,0,0,0,0,0,0,0,0,0,0,0,0,0,0,0,0,0,0,0,0,0
"Emticicia",0,0,0,0,0,0,0,0,0,0,0,0,0,0,0,0,0,0,0,0,0,0,3288.7725289594,0,1353.35025431817,0,0,0,0,0,0,0,0,0,0,0,0,0,0,0,0,0,0,0,0,0,0,0,0,0,0,0,0,0,0,0,2604.34712113886,0,0,0
"Enhydrobacter",5871.33661034383,0,0,0,0,0,0,1581.73120766579,2823.05763593833,5050.21970068506,4408.62900495753,1472.82813482839,6570.66785219795,6881.69001137174,2456.05001242913,0,4952.93712228771,0,0,864.374749035702,3578.12533612557,5337.89831726894,0,0,0,0,0,0,4757.66492822631,0,0,0,0,0,0,0,0,0,0,0,0,2491.95131435256,3868.40238384204,3596.24057568831,2497.86323159687,5048.02385146497,6695.61107197194,6221.37202521861,0,0,0,4521.59512619529,0,0,0,0,672.879884065848,0,3342.86798557958,2605.86658163975
"Enorma",0,2144.85082134832,0,0,0,0,0,0,0,0,0,0,0,0,0,0,0,0,0,0,0,0,0,0,0,0,0,0,0,0,0,0,0,0,0,0,0,0,0,0,0,0,0,0,0,0,0,0,0,0,0,0,0,0,0,0,0,0,0,0
"Enteractinococcus",0,0,0,0,0,0,0,0,0,0,0,0,0,0,0,0,0,0,0,0,0,0,0,0,0,0,0,0,0,0,0,0,1212.20693975061,0,0,0,0,0,0,0,0,0,0,0,0,0,0,0,0,0,0,0,0,0,0,0,0,0,0,0
"Enterobacter",0,0,2145.10299570428,0,0,0,0,0,0,0,0,0,0,0,0,0,0,0,1855.55945127581,0,0,0,2700.18232642795,0,0,0,0,0,0,0,0,0,0,0,0,0,0,0,0,0,0,0,0,0,0,0,0,0,0,0,1107.91806972684,0,0,0,0,0,2803.19138831835,0,0,0
"Enterococcus",0,6679.29847464722,1100.54145920642,0,17968.7650736655,8080.18024711683,5227.86324682154,0,0,0,0,0,0,0,0,0,0,0,0,0,0,0,0,0,0,2953.87088771325,11965.5772630171,1551.08963471264,0,0,0,0,285.146782200198,0,0,0,0,0,0,1657.33989010134,0,0,0,0,0,0,0,0,0,0,0,0,0,0,0,0,0,0,0,0
"Epilithonimonas",0,0,0,0,0,0,0,0,0,0,0,0,0,0,0,0,0,0,0,0,0,0,0,0,0,0,0,0,0,802.387223659262,0,0,0,0,0,0,0,0,0,0,0,0,0,0,0,0,0,0,0,0,0,0,0,0,0,0,0,1206.9493020295,0,0
"Erysipelothrix",1489.10711131909,0,10662.9842137938,0,0,0,0,0,0,0,0,0,0,0,0,0,0,0,0,0,0,0,0,0,0,0,0,0,0,0,0,0,0,0,0,0,0,0,6847.13899574494,0,0,0,0,0,0,0,0,0,0,0,0,0,0,0,0,0,0,0,0,0
"Erythrobacter",0,0,0,0,0,0,0,0,0,0,0,0,0,0,0,0,0,0,0,0,0,0,0,0,0,0,0,0,739.130283207684,0,0,0,0,726.537189503279,0,0,0,0,0,0,0,0,0,0,0,0,0,0,0,0,0,0,0,0,0,0,0,0,0,0
"Escherichia",2240.26261968891,0,0,7937.40265101984,11792.6169188484,0,0,0,0,0,0,0,0,0,0,0,0,0,0,0,0,0,0,0,0,88670.0389054742,9341.83041222332,9195.41076975502,0,0,0,0,0,0,0,0,0,0,2064.23739801367,0,0,0,0,0,0,0,0,0,0,0,0,0,0,0,0,0,0,0,0,0
"Exiguobacterium",0,0,0,0,0,0,0,0,0,0,0,0,0,0,0,0,0,38384.3946564571,268411.806332289,0,3595.17079227226,0,34362.1734737132,0,48595.5676056675,0,0,0,0,0,0,0,0,0,0,0,0,0,0,0,0,0,0,0,0,0,0,0,0,0,3159.82755600666,0,0,133712.442923185,8150.05489893652,9667.00262306004,21086.6083905818,21912.5621540397,0,0
"Faecalibacterium",0,779.590327701156,0,0,0,0,0,0,0,0,0,0,0,0,0,0,0,0,0,0,0,0,0,0,0,2414.31337054338,0,0,0,0,0,0,352.102977553281,0,0,0,0,0,0,0,0,0,0,0,0,0,0,0,0,0,0,0,0,0,0,0,0,0,0,0
"Faecalicoccus",0,1293.32236912509,0,0,0,0,0,0,0,0,0,0,0,0,0,0,0,0,0,0,0,0,0,0,0,0,0,0,0,0,0,0,0,0,0,0,0,0,0,0,0,0,0,0,0,0,0,0,0,0,0,0,0,0,0,0,0,0,0,0
"Faecalimonas",0,0,0,0,0,0,0,0,0,0,0,0,0,0,0,0,0,0,0,0,0,0,0,0,0,0,0,0,0,0,0,0,0,0,548.590501353374,0,0,0,0,0,0,0,0,0,0,0,0,0,0,0,0,0,0,0,0,0,0,0,0,0
"Faecalitalea",0,553.610784365515,0,0,0,0,0,0,0,0,0,0,0,0,0,0,0,0,0,0,0,0,0,0,0,0,0,0,0,0,0,0,0,0,0,0,0,0,0,0,0,0,0,0,0,0,0,0,0,0,0,0,0,0,0,0,0,0,0,0
"Falsochrobactrum",0,0,0,0,0,0,0,0,0,0,0,0,0,0,0,0,0,0,0,0,0,0,0,0,0,0,535.804790764932,0,0,0,0,0,0,0,0,0,0,0,0,0,0,0,0,0,0,0,0,0,0,0,0,0,0,0,0,0,0,0,0,0
"Felsduovirus",0,0,0,0,0,0,0,0,0,0,0,0,0,0,0,0,0,0,0,0,0,0,0,0,0,342.169029824894,0,0,0,0,0,0,0,0,0,0,0,0,0,0,0,0,0,0,0,0,0,0,0,0,0,0,0,0,0,0,0,0,0,0
"Fermentimonas",0,0,0,0,0,0,0,0,0,0,0,0,0,0,0,0,0,0,0,0,0,0,0,0,0,0,0,0,0,0,763.465305887475,0,0,1770.59224653975,0,0,0,0,0,0,0,0,0,0,0,0,0,0,0,0,0,0,0,0,0,0,0,0,0,0
"Fibrella",0,0,0,0,0,0,0,0,0,0,0,0,0,0,0,0,0,0,780.345019456642,0,0,0,0,0,0,0,0,0,3324.53021068046,209.890548870278,0,0,0,0,0,0,0,0,0,0,0,0,0,0,0,0,0,0,0,0,0,0,0,0,0,0,0,0,0,0
"Fimbriimonas",0,0,0,0,0,0,0,0,0,0,0,0,0,0,0,0,0,0,0,0,0,0,0,0,0,0,0,0,0,0,0,0,0,0,0,0,0,0,0,0,0,0,0,0,0,0,0,0,0,0,0,0,0,2448.04769468748,0,0,0,0,0,0
"Flaviflexus",0,0,0,0,1964.3235868697,0,0,0,0,0,0,0,0,0,0,0,0,0,0,0,0,0,0,0,0,0,0,0,0,0,0,0,0,0,0,0,0,0,0,0,0,0,0,0,0,0,0,0,0,0,0,0,0,0,0,0,0,0,0,0
"Flavimobilis",0,537.972061643325,0,0,1662.87668335795,0,389.397103962936,0,0,0,0,0,0,0,0,0,0,0,0,0,0,0,0,0,0,0,1099.52178207022,463.26377239906,0,0,0,0,0,0,0,0,0,0,0,0,0,0,0,0,0,0,0,0,0,0,0,0,0,0,0,0,0,0,0,0
"Flavobacterium",0,0,2100.43816375597,4685.61907019498,0,0,0,0,0,0,0,0,0,0,0,0,0,335.136125609433,0,0,0,2788.30273661337,1388.24052819286,1940.85688495948,455.952612480852,0,0,0,578.077684656115,0,2368.58212368705,0,0,2418.1410010163,0,0,9832.49195372321,0,3150.16566176515,0,0,0,0,0,0,0,0,0,0,0,3964.76394952249,0,9896.70996587811,0,5414.79328456972,27317.3623321522,75084.506893932,625.777677752844,0,0
"Flectobacillus",0,0,0,0,0,0,0,0,0,0,0,0,0,0,0,0,0,0,0,0,0,0,0,0,0,0,0,0,0,0,0,0,0,0,0,0,0,0,0,0,0,0,0,0,0,0,0,0,0,0,0,0,680.163991633199,0,0,0,0,0,0,0
"Fluviicola",0,0,0,0,0,0,0,0,0,0,0,0,0,0,0,0,0,0,0,0,0,0,0,0,0,0,0,0,0,0,0,0,0,0,0,0,0,0,0,0,0,0,0,0,0,0,0,0,0,0,1140.13813604033,0,0,0,0,0,0,0,0,0
"FNLG_g",0,0,0,0,0,0,0,0,0,0,0,0,0,0,0,0,0,0,0,0,1440.34104439513,0,0,0,0,0,0,0,0,0,0,0,0,0,0,0,0,0,0,0,0,0,0,0,1012.31860785609,0,0,0,0,0,0,0,0,0,0,0,0,0,0,0
"Fournierella",0,0,0,0,0,0,0,0,0,0,0,0,0,0,0,0,0,0,0,0,0,0,0,0,0,0,0,0,0,0,0,0,0,0,1570.67034451656,967.846514275132,0,0,0,0,0,0,0,0,0,0,0,0,0,0,0,0,0,0,0,0,0,0,0,0
"FR888536_g",0,0,509.179084210762,0,0,777.170537179494,0,0,0,0,0,0,0,0,0,0,0,0,0,0,0,0,0,0,0,0,0,0,0,0,0,0,0,0,0,0,0,0,0,0,0,0,0,0,0,0,0,0,0,0,0,0,0,0,0,0,0,0,0,0
"Frisingicoccus",0,0,0,0,0,0,0,0,0,0,0,0,0,0,0,0,0,0,0,0,0,0,0,0,0,296.082731017475,0,0,0,0,0,0,0,0,0,0,0,0,0,0,0,0,0,0,0,0,0,0,0,0,0,0,0,0,0,0,0,0,0,0
"Gaiella",2818.30025698913,0,0,0,0,0,0,19162.9436938255,9532.15231779995,28633.605810312,20549.9923439944,12068.5154126969,15446.3298126633,24652.5928237371,7677.18944282484,0,19224.7798100858,0,0,0,1285.51148439605,3634.78201305944,0,0,0,0,0,0,0,0,0,0,0,0,0,0,0,0,0,0,12976.3508722861,10631.1304274178,8569.79176183544,26480.6157956649,6245.16474496206,31963.4050624331,38870.0664783797,18438.1511483248,0,0,0,0,0,0,0,0,0,0,18369.7268030207,6114.86663014364
"Galbibacter",0,0,0,0,0,0,1988.41074364052,0,0,0,0,0,0,0,0,0,0,0,0,0,0,0,0,0,0,0,0,0,0,0,0,0,0,0,0,0,0,0,0,0,0,0,0,0,0,0,0,0,0,0,0,0,0,0,0,0,0,0,0,0
"Gamaleyavirus",0,0,0,0,759.238646257454,0,0,0,0,0,0,0,0,0,0,0,0,0,0,0,0,0,0,0,0,634.338773207777,894.832311440924,0,0,0,0,0,0,0,0,0,0,664.583477317477,0,0,0,0,0,0,0,0,0,0,0,0,0,0,0,0,0,0,0,0,0,0
"Geminicoccus",0,0,0,0,0,0,0,0,0,0,2471.35911654372,0,0,0,0,0,0,0,0,0,0,0,0,0,0,0,0,0,0,0,0,0,0,0,0,0,0,0,0,0,0,0,0,0,0,0,0,0,0,0,0,0,0,0,0,0,0,0,0,0
"Gemmatimonas",0,0,0,0,0,0,0,0,0,0,0,0,0,0,0,0,0,0,0,0,0,0,0,0,0,0,0,0,0,0,0,0,0,0,0,0,0,0,0,0,0,0,0,0,0,0,0,0,0,7436.21814103026,0,0,0,0,0,0,0,0,0,0
"Gemmatirosa",2545.41954496415,466.815873257362,0,0,0,0,0,1270.15905556006,2154.84413002387,2872.03367668989,0,2141.22001930875,4517.53340444663,3900.65551523196,0,0,2735.7303451832,0,0,0,0,0,0,0,0,0,0,0,0,0,689.111757020924,0,0,701.51115068293,0,0,0,0,0,0,3090.64500204744,1502.08576142629,0,2552.87338262065,1005.22528427752,2653.73353718717,3300.88934228847,0,0,0,0,0,0,0,0,0,0,0,1978.01839874365,1873.16570905156
"Gemmobacter",4879.57660319929,0,0,1614.104941612,1001.30964453204,0,0,0,0,0,0,0,0,0,0,0,0,0,0,0,0,0,0,0,0,0,0,0,0,0,0,0,0,0,0,0,648.287558457234,0,5916.48976168515,0,0,0,0,0,0,0,0,0,0,494.686601514617,3173.95916403889,0,0,0,0,5644.12112920168,0,0,0,0
"Geofilum",0,0,0,0,0,0,0,0,0,0,0,0,0,0,0,0,0,0,0,0,0,0,0,0,0,0,0,0,0,0,455.319670378675,0,0,595.932549409579,0,0,0,0,0,0,0,0,0,0,0,0,0,0,0,0,0,0,0,0,0,0,0,0,0,0
"Georgenia",0,0,0,0,301.095566794372,0,1206.60379216368,0,0,0,0,0,0,0,0,0,0,0,0,0,0,0,0,0,0,0,0,450.134839578034,0,0,0,0,0,0,0,0,0,0,0,0,0,0,0,0,0,0,0,0,0,0,0,0,0,0,0,0,0,0,2685.78074637268,0
"Gequatrovirus",0,0,0,979.695138529965,0,0,0,0,0,0,0,0,0,0,0,0,0,0,0,0,0,0,0,0,0,0,0,0,0,0,0,0,0,0,0,0,0,0,0,0,0,0,0,0,0,0,0,0,0,0,0,0,0,0,0,0,0,0,0,0
"Globicatella",0,0,0,0,997.444940640866,0,0,0,0,0,0,0,0,0,0,0,0,0,0,0,0,0,0,0,0,0,0,0,0,0,0,0,0,0,0,0,0,0,0,0,0,0,0,0,0,0,0,0,0,0,0,0,0,0,0,0,0,0,0,0
"Glucerabacter",0,0,0,0,0,0,0,0,0,0,0,0,0,0,0,0,0,0,0,0,0,0,0,0,0,0,0,0,0,0,0,760.564397851872,0,0,636.599672693487,999.088812469453,0,0,0,0,0,0,0,0,0,0,0,0,0,0,0,0,0,0,0,0,0,0,0,0
"Glutamicibacter",0,2305.92966538687,0,0,5575.71370481527,0,0,0,0,0,0,0,0,0,0,0,0,0,0,0,0,0,0,0,0,836.50980099504,5707.22406342872,1977.31106093809,0,0,0,0,0,0,0,0,0,0,0,0,0,0,0,0,0,0,0,0,0,0,0,0,0,0,0,0,0,0,0,0
"Goslarvirus",0,0,0,0,0,0,0,0,0,0,0,0,0,0,0,0,0,0,0,0,0,0,0,0,0,6238.60661875147,0,0,0,0,0,0,0,0,0,0,0,0,0,0,0,0,0,0,0,0,0,0,0,0,0,0,0,0,0,0,0,0,0,0
"Hamadaea",0,0,0,0,0,0,0,0,0,0,0,2646.95016199079,0,0,0,0,0,0,0,0,0,0,0,0,0,0,0,0,0,0,0,0,0,0,0,0,0,0,0,0,0,0,0,0,0,0,0,0,0,0,0,0,0,0,0,0,0,0,0,0
"Hansschlegelia",0,0,0,0,0,0,0,0,0,3952.45359302879,3604.62371529963,0,0,0,0,0,0,0,0,0,0,0,0,0,0,0,0,0,0,0,0,0,0,0,0,0,0,0,0,0,0,0,0,0,0,0,0,0,0,0,0,0,0,0,0,0,0,0,0,0
"Hendrixvirus",0,0,0,0,0,0,0,0,0,0,0,0,0,0,0,0,0,0,0,0,0,0,0,0,0,4478.63173599268,0,0,0,0,0,0,0,0,0,0,0,0,0,0,0,0,0,0,0,0,0,0,0,0,0,0,0,0,0,0,0,0,0,0
"Herbaspirillum",0,0,0,0,0,0,0,0,0,0,0,0,0,0,0,0,0,803.915491492567,1022.26826661596,0,0,1461.02323114592,1061.24597123095,0,1890.13082992062,0,0,0,886.178307972161,0,0,0,0,0,0,0,0,0,0,0,0,0,0,0,0,0,0,0,0,0,0,0,425.588326193345,0,0,0,0,0,0,0
"Herbiconiux",0,0,0,0,0,0,0,0,0,0,0,0,6529.2225916067,0,0,0,0,0,0,0,0,0,0,0,0,0,0,0,0,0,0,0,0,0,0,0,0,0,0,0,0,0,0,0,0,0,0,0,0,0,0,0,0,0,0,0,0,0,0,0
"Homoserinibacter",0,0,0,0,0,0,0,0,0,0,0,0,0,0,0,0,0,0,0,0,0,0,0,0,0,0,726.811810148958,0,0,0,0,0,0,0,0,0,0,0,0,0,0,0,0,0,0,0,0,0,0,0,0,0,0,0,0,0,0,0,0,0
"Hyalangium",0,0,0,0,0,0,0,0,0,0,0,0,0,0,0,0,0,0,0,0,0,0,0,0,0,0,0,0,0,0,0,0,0,0,0,0,0,0,0,0,0,1279.26997072878,0,0,0,0,0,0,0,0,0,0,0,0,0,0,0,0,0,0
"Hydrocarboniphaga",0,0,0,0,0,0,0,0,0,0,0,0,0,0,0,0,0,0,0,0,0,0,0,0,0,0,0,0,0,0,0,0,0,0,0,0,0,0,0,0,0,0,0,0,0,0,0,0,0,0,2876.63013104077,0,0,0,0,0,0,0,0,0
"Hydrogenophaga",0,0,0,0,0,0,0,0,0,0,0,0,0,0,0,0,0,0,0,0,0,0,0,0,0,0,0,0,0,0,6286.32427066584,0,0,1360.79086085652,0,0,0,0,0,0,0,0,0,0,0,0,0,0,0,0,9186.67574959217,0,5756.13069490724,0,657.972889160862,3285.17804552346,1467.6871984366,0,0,0
"Hymenobacter",0,0,0,0,0,0,0,0,0,0,0,0,0,0,0,0,0,0,889.495575414042,0,0,0,0,5940.159613335,0,0,0,0,9365.94773605695,16230.3295117793,0,0,0,0,0,0,0,0,0,0,0,0,0,0,0,0,0,0,0,0,0,0,0,0,0,0,0,0,0,0
"Hyphomicrobium",0,0,0,0,0,0,0,0,5790.54182214635,7798.35201082232,0,7125.57011950443,0,0,3267.95616995951,0,0,0,0,0,0,0,0,0,0,0,0,0,0,0,0,0,0,0,0,0,0,0,0,0,0,6990.52529550392,1462.4448036476,2500.59611198678,0,0,0,10100.9257126427,0,0,0,0,0,0,0,0,0,0,2086.12529671085,0
"Ideonella",0,0,0,0,0,0,0,0,0,0,0,0,0,0,0,0,0,0,0,0,0,0,0,0,0,0,0,0,0,0,0,0,0,794.576732546106,0,0,0,0,0,0,0,0,0,0,0,0,0,0,0,0,530.783197690564,0,0,0,0,0,2910.87495994278,0,0,0
"Ilumatobacter",0,0,0,0,0,0,0,1076.68279981698,1704.23329318242,11441.0521874695,9098.65986129534,2471.47264659624,0,12036.629852338,4996.13705618862,0,3760.33291570671,0,0,1280.31689659922,0,1792.84310751279,0,0,0,0,0,0,0,0,0,0,0,0,0,0,0,0,0,0,0,6570.50472453391,5037.01035136506,2696.6358768638,804.585560197936,3256.63016947177,3726.48624225866,8613.07872359275,9558.82353629498,0,0,0,0,2683.51174163278,0,0,2769.57588183242,0,3635.09444414717,0
"Inhella",0,0,0,0,0,0,0,0,0,0,0,0,0,0,0,0,0,0,0,0,0,0,0,0,0,0,0,0,0,0,0,0,0,0,0,0,0,0,0,0,0,0,0,0,0,0,0,0,0,0,0,0,0,0,0,0,802.783875231821,0,0,0
"Inmirania",0,0,0,0,0,0,0,0,0,0,3078.19168040457,1331.85462526985,0,0,0,0,0,0,0,0,0,0,0,0,0,0,0,0,0,0,0,0,0,0,0,0,0,0,0,0,0,1534.09952445754,0,0,0,0,0,0,0,0,0,0,0,0,0,0,800.504857842944,0,0,0
"Intrasporangium",0,0,0,0,0,0,0,2634.54356034564,0,0,0,2824.39933486168,0,7916.61519493725,0,0,3998.85375702291,0,0,0,0,0,0,0,0,0,0,0,0,0,0,0,0,0,0,0,0,0,0,0,0,0,0,0,1637.54441471016,3296.16437486749,0,0,0,0,0,0,0,0,0,0,0,0,1675.65691849163,0
"Isoptericola",0,0,0,0,0,0,841.308636608509,0,0,0,0,0,0,0,0,0,0,0,0,0,0,0,0,0,0,0,0,0,0,0,0,0,0,0,0,0,0,0,0,0,0,0,0,0,0,0,0,0,0,0,0,0,0,0,0,0,0,0,0,0
"JADL_g",0,0,0,0,0,0,0,2354.37989131509,0,0,0,0,6430.3915855814,0,0,0,0,0,0,0,0,0,0,0,0,0,0,0,0,0,0,0,0,0,0,0,0,0,0,0,0,0,0,0,1402.45140467751,0,0,0,0,0,0,0,0,0,0,0,0,0,0,0
"Janibacter",0,978.984042409075,0,0,0,0,12903.9572217505,0,0,0,0,795.563791704493,0,0,0,0,0,0,0,0,0,0,0,0,0,0,0,0,0,0,0,0,0,0,0,0,0,0,0,0,0,0,0,0,0,0,0,0,0,0,0,0,0,0,0,0,0,0,0,0
"Janthinobacterium",0,0,0,0,0,0,0,0,0,0,0,0,0,0,0,0,0,0,700.518493457946,0,0,0,0,0,0,0,0,0,0,28121.0567819475,0,0,0,0,0,0,0,0,0,0,0,0,0,0,0,0,0,0,0,0,0,0,14771.8663478128,0,0,0,0,1665.93912765401,0,0
"Jatrophihabitans",0,0,0,0,0,0,0,4738.91192638234,0,0,0,0,0,0,0,0,4347.30159477179,0,0,0,0,0,0,0,0,0,0,0,0,0,0,0,0,0,0,0,0,0,0,0,17930.0991481882,0,0,5205.94486728956,2947.78261286624,0,7221.74267272249,0,0,0,0,0,0,0,0,0,0,0,0,4550.70954996624
"Jeotgalibaca",0,0,0,0,4097.28879808164,0,1048.05816279386,0,0,0,0,0,0,0,0,0,0,0,0,0,0,0,0,0,0,0,498.041225327976,0,0,0,0,0,0,0,0,0,0,0,0,0,0,0,0,0,0,0,0,0,0,0,0,0,0,0,0,0,0,0,0,0
"Jeotgalicoccus",0,0,0,0,234.341590492236,0,733.226461717443,0,0,0,0,0,0,0,0,0,0,0,0,0,0,0,0,0,0,1591.71641447133,0,0,0,0,0,0,1349.78359985421,0,0,0,0,0,0,0,0,0,0,0,0,0,0,0,0,0,0,0,0,0,0,0,0,0,0,0
"Jilinvirus",0,0,0,0,0,0,0,0,0,0,0,0,0,0,0,0,0,0,0,0,0,0,0,0,0,0,421.419498354441,0,0,0,0,0,0,0,0,0,0,0,0,0,0,0,0,0,0,0,0,0,0,0,0,0,0,0,0,0,0,0,0,0
"Jonesia",0,0,0,0,0,0,383.371616860995,0,0,0,0,0,0,0,0,0,0,0,0,0,0,0,0,0,0,0,0,0,0,0,0,0,0,0,0,0,0,0,0,0,0,0,0,0,0,0,0,0,0,0,0,0,0,0,0,0,0,0,0,0
"Juiceboxvirus",0,0,0,0,203.072622645446,0,0,0,0,0,0,0,0,0,0,0,0,0,0,0,0,0,0,0,0,0,0,0,0,0,0,0,0,0,0,0,0,0,0,0,0,0,0,0,0,0,0,0,0,0,0,0,0,0,0,0,0,0,0,0
"JZUE_g",0,0,0,0,0,0,0,0,0,0,0,0,0,0,0,0,0,1566.19597351525,1786.32215831776,0,0,0,0,586.027581003571,0,0,0,0,0,0,0,0,0,0,0,0,0,0,0,0,0,0,0,0,0,0,0,0,0,0,0,0,0,0,0,0,585.137714594095,0,0,0
"Kagunavirus",0,0,0,0,0,0,0,0,0,0,0,0,0,0,0,0,0,0,0,0,0,0,0,0,0,0,610.237325539223,388.710189593948,0,0,0,0,0,0,0,0,0,249.387308932522,0,0,0,0,0,0,0,0,0,0,0,0,0,0,0,0,0,0,0,0,0,0
"Kaistella",0,0,0,0,0,0,0,0,0,0,0,0,0,0,0,0,0,0,0,0,0,0,0,0,0,0,0,0,0,0,0,0,0,1155.89016801491,0,0,0,0,0,0,0,0,0,0,0,0,0,0,0,0,0,0,0,0,0,0,0,0,0,0
"Kalppathivirus",0,0,0,0,0,0,0,0,0,0,0,0,0,0,0,0,0,0,0,0,0,0,0,0,0,0,0,0,0,0,0,0,0,0,0,0,0,0,0,0,0,0,0,0,0,0,0,0,0,0,0,4341.75895640344,0,0,0,0,0,0,0,0
"KB467824_g",0,0,0,0,0,0,0,0,0,0,0,0,0,0,0,0,0,0,0,0,0,0,0,0,0,0,0,0,0,945.823398122336,0,0,0,0,0,0,0,0,0,0,0,0,0,0,0,0,0,0,0,0,0,0,1482.75750176037,0,0,0,0,0,0,0
"Kineosporia",0,0,0,0,0,0,0,0,0,0,0,0,8799.14763321997,0,0,0,0,0,0,0,0,0,0,0,0,0,0,0,0,0,0,0,0,0,0,0,0,0,0,0,0,0,0,0,0,0,0,0,0,0,0,0,0,0,0,0,0,0,0,0
"Klebsiella",0,0,0,0,0,0,0,0,0,0,0,0,0,0,0,0,0,0,0,0,0,0,0,0,0,520.42735540076,0,0,0,0,0,0,0,0,0,0,0,0,0,0,0,0,0,0,0,0,0,0,0,0,0,0,0,0,0,0,0,0,0,0
"Kluyvera",0,0,0,0,0,0,0,0,0,0,0,0,0,0,0,0,0,0,0,0,0,0,0,0,0,0,0,0,0,0,0,0,0,0,0,0,0,0,526.821262452346,0,0,0,0,0,0,0,0,0,0,0,0,0,0,0,0,0,0,0,0,0
"Knoellia",0,1608.44263197721,0,0,0,0,0,0,0,0,0,2016.01976956095,0,0,2925.03086469209,0,8055.78215367063,0,0,0,0,0,0,0,0,0,0,0,0,0,0,0,0,0,0,0,0,0,0,0,0,0,0,0,0,0,0,0,0,0,0,0,0,0,0,0,0,0,0,0
"Kocuria",0,0,0,0,951.068493946751,0,0,0,0,0,0,0,0,0,0,0,0,0,0,0,0,0,0,0,0,480.862702650995,0,0,0,0,0,0,0,0,0,0,0,0,0,0,0,0,0,0,0,0,0,0,0,0,0,0,0,0,0,0,0,0,0,0
"Koribacter",0,0,0,0,0,0,0,1562.88611782069,0,0,0,0,3296.49226548893,0,0,0,0,0,0,0,0,0,0,0,0,0,0,0,0,0,0,0,0,0,0,0,0,0,0,0,0,0,0,0,1081.22517976221,0,0,0,0,0,0,0,0,0,0,0,0,0,0,1645.39130735566
"Krasilnikoviella",0,0,0,0,0,0,840.178857776895,0,0,0,0,0,0,0,0,0,0,0,0,0,0,0,0,0,0,0,1277.39364825879,1629.8632316388,0,0,0,0,0,0,0,0,0,0,0,0,0,0,1512.31619326508,0,0,0,0,0,0,0,0,0,0,0,0,0,0,0,0,0
"Kuravirus",0,0,0,0,0,0,0,0,0,0,0,0,0,0,0,0,0,0,0,0,0,0,0,0,0,687.381494476693,1968.63108517003,0,0,0,0,0,0,0,0,0,0,0,3672.887147856,0,0,0,0,0,0,0,0,0,0,0,0,0,0,0,0,0,0,0,0,0
"Kurthia",0,4835.49306570105,0,0,10214.412384379,0,0,0,0,0,0,0,0,0,0,0,0,0,0,0,0,0,0,0,0,2226.48996408295,4991.35821427598,0,0,0,0,0,0,0,0,0,0,0,0,0,0,0,0,0,0,0,0,0,0,0,0,0,0,0,0,0,0,0,0,0
"Labilithrix",0,0,0,0,0,0,0,812.851541985518,0,0,0,842.88357113673,0,0,0,0,0,0,0,0,0,0,0,0,0,0,0,0,0,0,0,0,0,0,0,0,0,0,0,0,0,0,0,0,741.758979930591,0,0,0,0,0,0,0,0,0,0,0,0,0,0,0
"Lachnoclostridium",0,0,0,0,0,0,0,0,0,0,0,0,0,0,0,0,0,0,0,0,0,0,0,0,0,354.777545536358,0,0,0,0,0,0,0,0,0,0,0,0,0,0,0,0,0,0,0,0,0,0,0,0,0,0,0,0,0,0,0,0,0,0
"Lacibacter",0,0,0,0,0,0,0,0,0,0,0,0,0,0,0,0,0,0,0,0,0,0,0,0,0,0,0,0,0,0,0,0,0,0,0,0,0,0,0,0,0,0,0,0,0,0,0,0,0,0,3197.13500121175,0,0,0,0,0,0,0,0,0
"Lactobacillus",0,77312.3715855531,0,0,33486.6052068905,0,8395.38649772314,0,0,0,0,0,0,0,0,0,0,0,0,0,0,0,0,0,0,34236.0331442585,65199.61667398,3885.6952245658,0,0,0,302.063619548193,6420.79933050094,0,0,0,0,0,0,0,0,0,0,0,0,0,0,0,0,0,0,0,0,0,0,0,0,0,0,0
"Lactococcus",0,0,681.287569984925,0,0,0,0,0,0,0,0,0,0,0,0,0,0,0,0,0,0,0,0,0,0,0,382.014038768052,0,0,1732.4194833086,0,0,0,0,0,0,0,0,0,0,0,0,0,0,0,0,0,0,0,0,0,0,0,0,0,0,0,0,0,0
"Lacunisphaera",0,0,0,0,0,0,0,0,0,0,0,0,0,0,0,0,0,0,0,0,0,1372.98938639553,0,0,0,0,0,0,0,0,0,0,0,0,0,0,0,0,0,0,0,0,0,0,0,0,0,0,0,0,0,0,0,0,0,0,0,0,0,0
"Lambdavirus",6349.61140668868,0,0,2057.1517876988,13683.1597950684,0,0,0,0,0,0,0,0,0,0,0,0,0,0,0,0,0,0,0,0,28075.2515017951,7945.67308715555,164659.324317645,0,0,0,0,0,0,0,0,0,1223.3458532771,0,0,0,0,0,0,0,0,0,0,0,0,0,0,0,0,0,0,0,0,0,0
"Lapillicoccus",0,0,0,0,0,0,0,0,0,0,0,1151.44796618445,0,0,0,0,0,0,0,0,0,0,0,0,0,0,0,0,0,0,0,0,0,0,0,0,0,0,0,0,0,0,0,0,0,0,0,0,0,0,0,0,0,0,0,0,0,0,0,0
"Lautropia",0,0,0,0,0,0,0,0,0,0,0,0,0,0,0,0,0,0,0,0,0,0,0,0,0,0,0,0,0,0,0,0,0,822.731026218999,0,0,0,0,0,0,0,0,0,0,0,0,0,0,0,0,0,0,0,0,0,0,0,0,0,0
"Lawsonibacter",0,0,0,0,0,0,0,0,0,0,0,0,0,0,0,0,0,0,0,0,0,0,0,0,0,0,0,0,0,0,0,742.758542383768,0,0,1225.67439286331,622.851774639972,0,494.056479587942,0,0,0,0,0,0,0,0,0,0,0,0,0,0,0,0,0,0,0,0,0,0
"Leclercia",0,0,2738.25196397787,0,0,0,0,0,0,0,0,0,0,0,0,0,0,0,0,0,0,0,0,0,0,0,0,0,0,0,0,0,0,0,0,0,0,0,0,0,0,0,0,0,0,0,0,0,0,0,0,0,0,0,0,0,0,0,0,0
"Lederbergvirus",0,0,0,0,1007.2823687275,0,0,0,0,0,0,0,0,0,0,0,0,0,0,0,0,0,0,0,0,8499.00914233422,0,0,0,0,0,0,0,0,0,0,0,0,0,0,0,0,0,0,0,0,0,0,0,0,0,0,0,0,0,0,0,0,0,0
"Lelliottia",0,0,0,0,0,0,0,0,0,0,0,0,0,0,0,0,0,0,0,0,0,0,0,0,0,0,0,0,0,0,0,0,0,0,0,0,0,0,3772.81919666748,0,0,0,0,0,0,0,0,0,0,0,0,0,1037.0881434331,0,0,0,0,0,0,0
"Lentzea",0,0,0,0,0,0,0,0,0,0,0,0,0,0,0,0,0,0,0,0,1383.5228572395,0,0,0,0,0,0,0,0,0,0,0,0,0,0,0,0,0,0,0,0,0,0,0,0,0,0,0,0,0,0,0,0,0,0,0,0,0,0,0
"Leptothrix",0,0,0,0,0,0,0,0,0,0,0,0,0,0,0,0,0,0,0,0,0,3467.17911632312,0,0,0,0,0,0,0,0,0,0,0,0,0,0,0,0,0,0,0,0,0,0,0,0,0,0,0,0,0,0,0,0,0,0,474.605371233575,0,0,0
"Leucobacter",0,0,0,0,1088.08981372482,0,257.966166551848,0,0,0,0,0,0,0,0,0,0,0,0,0,0,0,0,0,0,0,0,0,0,0,0,0,0,0,0,0,0,0,0,0,0,0,0,0,0,0,0,0,0,0,0,0,0,0,0,1967.42816363583,0,0,0,0
"Lichenibacterium",0,0,0,0,0,0,0,0,0,0,0,0,0,0,0,0,0,0,0,0,1943.18200072242,0,0,0,0,0,0,0,0,0,0,0,0,0,0,0,0,0,0,0,0,0,0,0,0,0,0,0,0,0,0,0,0,0,0,0,0,0,0,0
"Limnobacter",0,0,0,0,0,0,0,0,0,0,0,0,0,0,0,0,0,0,0,0,0,0,0,0,0,0,0,0,0,0,0,0,0,0,0,0,0,0,0,0,0,0,0,0,0,0,0,0,0,0,574.308550429833,0,0,0,0,0,0,0,0,0
"Limnohabitans",0,0,0,0,0,0,0,0,0,0,0,0,0,0,0,0,0,0,0,0,5903.40964546958,63873.6332420679,0,0,0,0,0,0,0,0,0,0,0,0,0,0,0,0,0,0,0,0,0,0,0,0,0,0,0,0,0,0,0,0,25488.359624379,25242.8587793101,0,608.32313508825,0,0
"LJID_g",0,0,0,0,0,0,0,0,0,0,0,0,0,0,0,0,0,0,0,0,0,0,0,0,0,0,0,0,0,0,0,0,0,0,0,0,0,0,0,0,0,0,0,0,0,0,0,0,0,0,0,0,0,0,0,0,989.663301119711,0,0,0
"Luckybarnesvirus",0,0,0,0,0,0,411.992680595215,0,0,0,0,0,0,0,0,0,0,0,0,0,0,0,0,0,0,0,0,0,0,0,0,0,0,0,0,0,0,0,0,0,0,0,0,0,0,0,0,0,0,0,0,0,0,0,0,0,0,0,0,0
"Luteimonas",15436.8325372408,0,0,0,1211.76033824246,0,37060.5116063757,0,0,0,0,0,0,0,0,3842.77363457176,0,0,0,0,0,0,0,0,0,0,7141.69225198325,3974.78441156561,0,0,26708.2546717242,0,0,25710.3445693437,0,0,0,0,0,0,0,0,0,0,0,0,0,0,0,0,0,0,0,0,0,0,0,0,0,0
"Luteitalea",6425.90063800749,0,0,0,0,0,0,1321.66896780335,3527.85920125445,8987.80512972754,5618.46553606182,3839.80293517844,7402.76116099158,8220.34323794017,2259.51179399523,0,4699.89762106531,0,0,0,0,0,0,0,0,0,0,0,0,0,782.628591677823,0,0,541.9701532032,0,0,0,0,0,0,0,5145.25199438262,2779.31906462798,4373.86497636713,1022.45192725405,4447.5981070176,4604.48929574046,9047.40092157971,0,0,0,0,0,0,0,0,0,0,3675.63453088487,0
"Lysinibacillus",0,0,1722.27591992693,2867.67097874022,2262.25712320766,0,0,0,0,0,0,0,0,0,0,0,0,0,0,0,0,0,0,0,0,869.987584090995,0,0,0,0,0,0,0,0,2707.74883823082,0,3118.36506353432,1382.41451519082,0,0,0,0,0,0,0,0,0,0,0,0,0,0,0,0,0,0,0,0,0,0
"Lysobacter",0,0,0,0,0,0,3097.85355628541,0,6626.29012637366,0,0,1611.82998691059,0,0,1861.01361317064,5191.54375913544,0,0,0,0,0,0,0,672.941158993195,0,0,0,0,0,0,2964.17704605107,0,0,1747.13033514567,0,0,0,0,0,0,0,3553.52769646884,3551.65166600132,0,0,0,0,0,0,0,0,0,0,0,7425.56562480585,0,0,0,0,0
"Macromonas",0,0,0,0,0,0,0,0,0,0,0,0,0,0,0,0,0,0,0,0,0,0,0,0,0,0,0,0,0,0,0,0,0,0,0,0,0,0,0,0,0,0,0,0,0,0,0,0,0,0,0,0,0,0,0,908.498547682253,0,746.666547318734,0,0
"Malikia",0,0,0,0,0,0,0,0,0,0,0,0,0,0,0,0,0,0,0,0,0,0,1299.06019447598,0,1142.64488036868,0,0,0,0,0,0,0,0,0,0,0,0,0,0,0,0,0,0,0,0,0,0,0,0,0,501.389452983526,0,0,0,1200.89040972529,8755.87645846475,509.930140761164,3980.28219207052,0,0
"Marihabitans",0,0,0,0,0,0,709.877699197422,0,0,0,0,0,0,0,0,0,0,0,0,0,0,0,0,0,0,0,0,0,0,0,0,0,0,0,0,0,0,0,0,0,0,0,0,0,0,0,0,0,0,0,0,0,0,0,0,0,0,0,0,0
"Marmoricola",0,0,0,0,0,0,0,0,9343.43495878088,0,0,6256.06917243707,0,0,10690.3236468149,0,0,0,0,0,0,0,0,0,0,0,0,0,0,0,0,0,0,0,0,0,0,0,0,0,0,7080.16383199142,1258.9156189925,4975.05358865663,1797.65086119791,5285.22908383924,10784.0222370399,0,0,0,0,0,0,0,0,0,0,0,9714.41828452155,0
"Massilia",0,0,0,0,0,0,0,0,0,0,0,0,43345.366384514,0,0,0,0,53769.301674273,168791.560111467,0,0,9876.72019757279,113658.353536978,63515.2924680501,113909.397668966,0,0,0,0,20816.9972740825,0,0,0,0,0,0,0,0,0,0,0,0,0,0,0,0,0,0,0,0,0,0,30999.9314129508,187962.580945838,6412.53905911692,5812.94551586425,10472.6546562357,12262.7859186918,0,0
"Massilistercora",0,0,0,0,0,0,0,0,0,0,0,0,0,0,0,0,0,0,0,0,0,0,0,0,0,553.470362092872,0,0,0,0,0,0,0,0,0,0,0,0,0,0,0,0,0,0,0,0,0,0,0,0,0,0,0,0,0,0,0,0,0,0
"Mediterranea",0,1049.35829465893,0,0,0,592.351538603019,0,0,0,0,0,0,0,0,0,0,0,0,0,0,0,0,0,0,0,1007.81170410941,0,0,0,0,0,0,0,0,839.020766775748,0,0,0,0,0,0,0,0,0,0,0,0,0,0,0,0,0,0,0,0,0,0,0,0,0
"Mediterraneibacter",0,675.592821598595,0,0,0,0,0,0,0,0,0,0,0,0,0,0,0,0,0,0,0,0,0,0,0,1423.45794618387,0,0,0,0,0,0,117.256620717838,0,476.422980854481,0,0,0,0,0,0,0,0,0,0,0,0,0,0,0,0,0,0,0,0,0,0,0,0,0
"Megasphaera",0,0,0,0,0,0,0,0,0,0,0,0,0,0,0,0,0,0,0,0,0,0,0,0,0,489.558230727866,0,0,0,0,0,0,0,0,0,0,0,0,0,0,0,0,0,0,0,0,0,0,0,0,0,0,0,0,0,0,0,0,0,0
"Merdimonas",0,0,0,0,0,0,0,0,0,0,0,0,0,0,0,0,0,0,0,0,0,0,0,0,0,501.297193631643,0,0,0,0,0,0,0,0,0,0,0,0,0,0,0,0,0,0,0,0,0,0,0,0,0,0,0,0,0,0,0,0,0,0
"Mesorhizobium",0,0,0,0,0,0,251.940679449907,0,0,0,0,0,0,0,0,0,0,0,0,0,0,0,0,0,0,0,1443.77225540132,0,7686.17691348286,0,0,0,0,0,0,0,0,0,0,0,0,3193.69299999758,0,0,0,0,0,0,0,0,0,0,0,0,0,0,0,0,0,0
"Methanobrevibacter",0,0,0,0,0,4145.13113713785,0,0,0,0,0,0,0,0,0,0,0,0,0,0,0,0,0,0,0,0,0,0,0,0,0,305.243236596069,0,0,662.415696286587,2353.80804055511,0,2046.99799250829,0,3391.6520619887,0,0,0,0,0,0,0,0,0,0,0,0,0,0,0,0,0,0,0,0
"Methyloceanibacter",0,0,0,0,0,0,0,0,3889.88842059715,5231.1156958519,2389.04428926922,2903.26563391541,0,0,0,0,0,0,0,0,0,0,0,0,0,0,0,0,0,0,0,0,0,0,0,0,0,0,0,0,0,2909.41078428007,0,4217.03316446552,0,2735.27283581582,0,4067.36869195896,0,0,0,0,0,0,0,0,0,0,2461.12109903459,0
"Methylocystis",0,0,0,0,0,0,0,0,0,0,0,0,0,0,0,0,0,0,1364.38194946751,0,10285.5123298473,0,1418.95819869535,0,2743.31488509313,0,0,0,0,0,0,0,0,0,0,0,0,0,0,0,0,0,0,0,0,0,0,0,0,0,0,0,0,2695.18764478709,0,0,1005.04666849463,0,0,0
"Methylopumilus",0,0,0,0,0,0,0,0,0,0,0,0,0,0,0,0,0,0,0,1055.4572205382,0,0,0,0,0,0,0,0,0,0,0,0,0,0,0,0,0,0,0,0,0,0,0,0,0,0,0,0,0,0,0,0,0,0,0,0,0,0,0,0
"Methylorubrum",0,0,0,0,0,0,0,0,0,0,0,0,0,0,0,0,0,0,0,0,0,0,0,0,0,0,0,0,1257.29951333012,0,0,0,0,0,0,0,0,0,0,0,0,0,0,0,0,0,0,0,0,0,0,0,0,0,0,0,0,0,0,0
"Microbacterium",0,6101.44767006231,0,2185.42043640938,0,0,5644.37504274321,0,0,0,0,0,0,0,7281.40213397864,0,0,0,8848.52604003914,0,0,0,0,1516.51412183367,3523.96102464368,0,4640.54016434715,1578.28528127048,0,577.034518367505,0,0,0,0,0,0,0,0,0,0,0,0,11723.820186292,0,0,0,0,0,0,0,0,0,0,0,0,1298.69965926812,0,0,0,0
"Microcella",0,1886.81189643219,0,0,0,0,0,0,0,0,0,0,0,0,0,0,0,0,0,0,0,0,0,2724.35722771889,0,0,0,0,0,0,0,0,0,0,0,0,0,0,0,0,0,0,0,0,0,0,0,0,0,0,0,0,0,0,0,1377.52816665921,0,0,0,0
"Micrococcus",0,0,0,0,2174.07160714536,0,0,0,0,0,0,0,0,0,0,0,0,0,0,0,0,0,0,0,0,0,0,0,0,0,0,0,0,0,0,0,0,0,0,0,0,0,0,0,0,0,0,0,0,0,0,0,0,0,0,0,0,0,0,0
"Microlunatus",0,0,0,0,0,0,1155.01055885331,0,0,0,0,0,8563.22845754668,0,5362.10477327243,0,0,0,0,0,0,0,0,0,0,0,0,0,0,0,0,0,0,0,0,0,0,0,0,0,0,1628.86026303004,1323.61363795571,0,0,0,0,0,0,0,0,0,0,0,0,0,0,0,2084.43612643012,0
"Micromonospora",0,0,0,0,0,0,0,0,0,0,0,0,0,0,0,0,10584.1030716224,0,0,0,0,0,0,0,0,0,0,0,0,0,0,0,0,0,0,0,0,0,0,0,0,0,0,0,0,0,0,0,0,0,0,0,0,0,0,0,0,0,0,0
"Microvirga",0,0,0,0,0,0,0,0,3098.43092511922,2168.27391467097,0,1115.95813161027,0,0,4849.7499693551,0,0,0,0,0,0,0,0,0,0,0,0,0,0,0,0,0,0,0,0,0,0,0,0,0,0,4440.94920769511,1230.61023569609,0,0,1984.12293329729,0,2406.37974560342,0,0,0,0,0,0,0,0,0,0,1827.68224375801,0
"Minicystis",0,0,0,0,0,0,0,1507.60718760838,1513.59024682642,0,0,895.132494259826,3781.08300470974,0,0,0,0,0,0,0,0,0,0,0,0,0,0,0,0,0,0,0,0,0,0,0,0,0,0,0,0,0,1191.52184923915,2095.44726457429,950.505359528544,0,0,0,0,0,0,0,0,0,0,0,0,0,1609.77927754287,0
"Mitsuaria",0,0,0,0,0,0,0,0,0,0,0,0,0,0,0,0,0,0,0,0,0,0,0,0,0,0,0,0,0,0,0,0,0,0,0,0,0,0,0,0,0,0,0,0,0,0,0,0,0,0,0,0,0,0,0,0,2287.563704085,0,0,0
"Mitsuokella",0,0,0,0,0,0,0,0,0,0,0,0,0,0,0,0,0,0,0,0,0,0,0,0,0,0,0,0,0,0,0,0,0,0,0,0,0,1102.0222975802,0,0,0,0,0,0,0,0,0,0,0,0,0,0,0,0,0,0,0,0,0,0
"Mizugakiibacter",0,0,0,0,0,0,0,0,0,0,0,0,0,0,0,0,0,0,0,0,0,0,0,0,0,0,0,0,0,0,0,0,0,0,0,0,0,0,0,0,0,0,0,0,0,0,0,0,0,0,0,0,0,0,0,0,0,0,0,3639.61194318266
"Modestobacter",2714.13611422691,0,0,0,0,0,0,4138.381729985,3498.97389120051,6586.59664593763,5488.29325106958,1776.46338618525,11097.7655475503,11460.1090299713,3492.9585441666,0,5284.79220585808,1281.94708170234,2061.64221737449,911.662835417633,2473.01159594864,5911.81126669938,0,0,0,0,419.230306155197,0,877.619957324493,0,0,0,0,684.305748993939,0,0,0,0,0,0,12126.5142912296,2686.59499358256,2252.29978515681,5661.19276572618,2836.31609948869,6318.06019980222,7627.23263253661,6074.64155292572,22515.6124255606,0,0,6197.9251374694,0,5692.00278772726,0,1709.26480193002,1656.27588736615,1431.91896303982,3035.43899448535,4319.74949230257
"Moraxella_g2",0,0,0,0,0,0,0,0,0,0,0,0,0,0,0,0,0,0,0,0,0,0,0,0,0,0,0,0,0,0,0,0,0,0,0,0,0,0,0,0,0,0,0,0,0,0,0,0,0,0,0,0,0,0,0,0,0,698.181706583751,0,0
"Morchella",0,0,0,0,0,0,0,0,0,0,0,0,0,0,0,0,0,0,0,0,0,0,0,0,0,0,0,0,0,601.379190180045,0,0,0,0,0,0,0,0,0,0,0,0,0,0,0,0,0,0,0,0,0,0,0,0,0,0,0,0,0,0
"Mucilaginibacter",0,0,0,0,0,0,0,0,0,0,0,0,0,0,0,0,0,0,468.369922951533,0,0,0,0,0,0,0,0,0,5186.36049248676,0,0,0,0,0,0,0,0,0,0,0,0,0,0,0,0,0,0,0,0,0,0,0,0,0,0,0,0,0,0,0
"Mycobacterium",0,0,0,0,0,0,0,4246.4269117636,4771.85322091076,0,0,0,0,0,7713.78621453322,0,0,0,0,6881.54247538956,15164.7741518367,0,6815.35928116383,0,4547.78189085068,0,0,0,2625.07955320287,0,0,0,0,0,0,0,0,0,0,0,20984.4263476264,3178.32639374258,0,0,2802.87614547543,0,0,0,0,0,0,0,0,0,0,0,0,0,0,3376.79532584124
"Mycolicibacillus",0,0,0,0,0,0,0,0,0,0,0,0,0,0,0,0,0,0,3770.58151885678,3103.64256743448,3286.93212695299,0,0,0,0,0,0,0,0,0,0,0,0,0,0,0,0,0,0,0,0,0,0,0,0,0,0,0,0,0,0,0,0,0,0,0,0,0,0,0
"Mycolicibacter",0,0,0,0,0,0,0,0,0,0,0,0,0,0,0,0,0,0,0,727.335804826841,1399.1478587073,0,0,0,0,0,0,0,0,0,0,0,0,0,0,0,0,0,0,0,0,0,0,0,0,0,0,0,0,0,0,0,0,0,0,0,0,0,0,0
"Mycolicibacterium",0,923.466576745301,0,0,0,0,0,0,0,0,0,1992.35987984483,0,0,5436.6537526784,0,0,0,0,24028.1382599452,86284.0990145343,0,25081.4734115759,0,23212.1329990252,0,0,0,0,0,0,0,0,0,0,0,0,0,0,0,0,5784.24670448639,15001.8531470948,0,2889.00936035808,0,0,6200.82975909761,0,0,0,0,0,0,690.332211578609,0,4554.6162516701,0,3998.26605450574,3182.47031180698
"Nakamurella",0,0,0,0,0,0,0,0,0,0,0,0,0,0,2031.79854780975,0,0,0,0,0,0,0,0,0,0,0,0,0,0,0,0,0,0,0,0,0,0,0,0,0,0,0,0,0,1877.70408444178,0,0,0,0,0,0,0,0,0,0,0,0,0,2560.7821455981,4867.68231875982
"Nannocystis",0,0,0,0,0,0,0,0,0,0,0,1127.78807646833,0,0,0,0,0,0,0,0,0,0,0,0,0,0,0,0,0,0,0,0,0,0,0,0,0,0,0,0,0,0,1194.21760002929,0,0,0,0,0,0,0,0,0,0,0,0,0,0,0,0,0
"Naumannella",0,0,0,0,0,0,975.375724626696,0,0,0,0,0,0,0,0,0,0,0,0,0,0,0,0,0,0,0,0,0,0,0,0,0,0,0,0,0,0,0,0,0,0,0,0,0,0,0,0,0,0,0,0,0,0,0,0,0,0,0,0,0
"Nevskia",0,0,0,0,0,0,0,0,0,0,0,0,0,0,0,0,0,0,0,0,0,0,0,0,0,0,0,0,830.160012823789,0,0,0,0,0,0,0,0,0,0,0,0,0,0,0,0,0,0,0,0,0,0,0,0,0,0,0,0,0,0,0
"NFJT_g",0,0,0,0,0,0,0,0,0,0,0,0,0,0,0,0,0,0,0,0,0,0,0,0,0,0,0,0,0,0,0,815.253811075334,0,0,791.495814252087,0,0,0,0,0,0,0,0,0,0,0,0,0,0,0,0,0,0,0,0,0,0,0,0,0
"Nickievirus",0,0,0,0,0,0,0,0,0,0,0,0,0,0,0,0,0,0,0,0,0,0,0,0,0,3029.08720557819,0,0,0,0,0,0,0,0,0,0,0,0,0,0,0,0,0,0,0,0,0,0,0,0,0,0,0,0,0,0,0,0,0,0
"Nitratireductor",2652.51788893094,0,0,0,0,0,0,0,0,0,0,0,0,0,0,0,0,0,0,0,0,0,0,0,0,0,0,0,0,0,0,0,0,0,0,0,0,0,0,0,0,0,0,0,0,0,0,0,0,0,0,0,0,0,0,0,0,0,0,0
"Nitrobacter",0,0,0,0,0,0,0,0,0,0,0,0,0,0,0,0,0,0,0,0,0,0,0,0,0,0,0,0,0,0,0,0,0,0,0,0,0,0,0,0,0,1217.80354570878,0,0,954.558687287727,0,0,0,0,0,0,0,0,0,0,0,0,0,0,0
"Nocardioides",0,5739.41123904362,0,1632.13188683619,0,0,2625.98259761465,3054.16089422998,58723.8353396585,15284.472577932,6694.30118555645,32946.3964296954,0,20417.274001863,53179.1756002454,0,20892.3516050268,0,0,0,3071.02301576161,0,0,0,1287.02987432095,0,0,0,3277.07026617975,0,0,0,0,0,0,0,0,0,0,0,0,42560.377124266,45643.1045031509,29795.8660416962,21053.9977131392,49435.0529595006,55515.2617709145,40330.3376144242,0,0,0,0,0,0,0,0,0,0,54833.8456533018,11683.3932618139
"Nocardiopsis",0,0,0,0,0,0,0,0,0,0,0,0,0,0,0,0,0,0,0,0,0,0,0,0,0,6086.43487740622,0,0,0,0,0,0,3792.51882634258,0,0,0,0,0,0,0,0,0,0,0,0,0,0,0,0,0,0,0,0,0,0,0,0,0,0,0
"Nonagvirus",0,0,0,0,0,0,0,0,0,0,0,0,0,0,0,0,0,0,0,0,0,0,0,0,0,0,0,2036.8601490906,0,0,0,0,0,0,0,0,0,0,0,0,0,0,0,0,0,0,0,0,0,0,0,0,0,0,0,0,0,0,0,0
"Nonomuraea",0,0,0,0,0,0,0,0,0,0,0,0,0,0,0,0,0,0,735.544418130843,0,0,0,0,0,0,0,0,0,0,0,0,0,0,0,0,0,0,0,0,0,0,0,1570.27483525295,0,0,0,0,0,0,0,0,0,0,0,0,0,0,0,0,0
"Nosocomiicoccus",0,0,0,0,0,0,0,0,0,0,0,0,0,0,0,0,0,0,0,0,0,0,0,0,0,0,0,0,0,0,0,0,2706.56262310351,0,0,0,0,0,0,0,0,0,0,0,0,0,0,0,0,0,0,0,0,0,0,0,0,0,0,0
"Nouzillyvirus",0,0,0,0,0,0,0,0,0,0,0,0,0,0,0,0,0,0,0,0,0,0,0,0,0,288.256755748291,0,701.460125009102,0,0,0,0,0,0,0,0,0,0,0,0,0,0,0,0,0,0,0,0,0,0,0,0,0,0,0,0,0,0,0,0
"Noviherbaspirillum",0,0,0,0,0,0,0,0,0,0,0,0,0,0,0,0,0,7826.86776787552,4157.49580303413,0,0,0,5590.61603145192,1466.02755814852,11625.4099436785,0,0,0,0,3095.0631407078,0,0,0,0,0,0,0,0,0,0,0,0,0,0,0,0,0,0,0,0,0,0,479.353670293874,0,0,0,513.348666844479,0,0,0
"Novosphingobium",0,0,0,0,0,0,293.365903275752,0,0,0,0,0,0,0,0,0,0,0,4694.28846255598,0,1728.69334420993,0,45099.4856532263,6378.56192584149,20644.9816232997,0,0,0,2750.34268540965,0,0,0,0,882.16786841733,0,0,0,0,0,0,0,0,0,0,0,0,0,0,0,0,47395.717547136,0,1165.34763899821,0,0,38196.3532563502,4054.94168915888,0,0,0
"Occallatibacter",0,0,0,0,0,0,0,1162.11387378146,0,0,0,0,0,0,0,0,0,0,0,0,0,0,0,0,0,0,0,0,0,0,0,0,0,0,0,0,0,0,0,0,0,0,0,0,906.93208611732,0,0,0,0,0,0,0,0,0,0,0,0,0,0,0
"Oerskovia",0,0,0,0,945.798443186056,0,0,0,0,0,0,0,0,0,1867.79079311664,0,0,0,0,0,0,0,0,0,0,1038.6808287823,1045.88657318875,610.026485719814,0,350.365884869665,0,0,0,0,0,0,0,0,0,0,0,0,0,0,0,0,0,0,0,0,0,0,0,0,0,0,0,0,0,0
"Olsenella",0,20197.410395708,0,0,585.32697115452,3784.80057156789,256.836387720234,0,0,0,0,0,0,0,0,0,0,0,0,0,0,0,0,0,0,20854.484986761,0,0,0,0,0,0,0,0,0,0,0,3512.9909571792,0,3217.24651211913,0,0,0,0,0,0,0,0,0,0,0,0,0,0,0,0,0,0,0,0
"Ornithinibacter",0,0,0,0,0,0,0,0,0,0,0,1049.90760615277,0,0,0,0,0,0,0,0,0,0,0,0,0,0,0,0,0,0,0,0,0,0,0,0,0,0,0,0,0,1922.1063323963,1920.72243797035,0,0,0,0,0,0,0,0,0,0,0,1843.58250774444,0,0,0,2494.90450464934,0
"Ornithinicoccus",0,0,0,0,0,0,1361.38349209479,0,0,0,0,0,0,0,0,0,0,0,0,0,0,0,0,0,0,0,0,0,0,0,0,0,0,0,0,0,0,0,0,0,0,0,0,0,0,0,0,0,0,0,0,0,0,0,0,0,0,0,0,0
"Ornithinimicrobium",0,6675.38879396667,0,0,362.228155618434,0,13600.6541679124,0,0,0,0,0,0,0,0,0,0,0,0,0,0,0,0,0,0,0,0,0,0,0,0,0,0,0,0,0,0,0,0,0,0,0,0,0,0,0,0,0,0,0,0,0,0,0,0,0,0,0,0,0
"Oryzihumus",2536.61694135044,554.392720501625,0,0,0,0,0,2795.35499369054,2486.0623519757,5439.26999166031,3784.5677563183,810.351222777067,8757.70237262871,6293.9200022272,1485.55784416243,806.005486912298,3503.14522593968,1303.02159266858,987.242341943058,558.771469696693,2934.6593665881,6199.61422069105,1911.43181933193,0,1520.53287889448,295.213178209788,471.223620887239,0,806.819056511967,0,689.878288452538,0,0,850.885319891892,0,0,0,0,0,0,8552.8425144791,2051.44193504255,1599.92809394443,4105.94396436854,2037.81053092953,4099.20292196789,5820.95917518281,5452.50435040386,21507.3529566637,0,0,4977.60827102465,0,5224.96666155476,0,1937.21056913591,1587.90536569985,1239.27252918616,1824.30390319654,3244.59060317859
"Oryzisolibacter",0,0,0,0,0,0,0,0,0,0,0,0,0,0,0,0,0,0,0,0,0,0,0,0,0,0,0,0,0,0,0,0,0,0,0,0,0,0,0,0,0,0,0,0,0,0,0,0,0,0,0,0,0,0,0,0,437.571338664328,0,0,0
"Oryzobacter",0,1107.22156873103,0,0,0,0,0,0,0,0,0,1483.67225094828,0,0,0,0,0,0,0,0,0,0,0,0,0,0,0,0,0,0,0,0,0,0,0,0,0,0,0,0,0,2580.30930031881,2306.21480095949,0,0,0,0,9038.59709324213,0,0,0,0,0,0,1406.73165510485,0,0,0,2893.54869090339,0
"Oscillibacter",0,0,485.953371597639,511.687906748134,0,1253.84399753681,0,0,0,0,0,0,0,0,0,0,0,0,0,0,0,0,0,0,0,416.950571285989,0,0,0,0,0,3166.26265627464,0,630.34335278756,5418.43131550632,2434.24034016177,829.369089295954,1542.83121661228,0,1027.92097828155,0,0,0,0,0,0,0,0,0,0,0,0,0,0,0,0,0,0,0,0
"Ottowia",0,0,0,0,0,0,0,0,0,0,0,0,0,0,0,0,0,0,0,0,0,0,0,0,0,0,0,0,0,0,0,0,0,502.866967546403,0,0,0,0,0,0,0,0,0,0,0,0,0,0,0,0,0,0,0,0,0,0,0,0,0,0
"PAC000741_g",0,0,0,0,0,626.257182226761,0,0,0,0,0,0,0,0,0,0,0,0,0,0,0,0,0,0,0,0,0,0,0,0,0,0,0,0,880.678441210068,662.070829820077,0,0,0,0,0,0,0,0,0,0,0,0,0,0,0,0,0,0,0,0,0,0,0,0
"PAC001207_g",0,0,0,0,0,686.09067097454,0,0,0,0,0,0,0,0,0,0,0,0,0,0,0,0,0,0,0,0,0,0,0,0,0,1594.25998780489,0,0,1199.85836927021,630.828531625756,0,1191.66692484513,0,1483.90867291261,0,0,0,0,0,0,0,0,0,0,0,0,0,0,0,0,0,0,0,0
"PAC001778_g",0,0,0,0,0,0,0,0,0,0,0,0,0,0,0,0,0,0,0,0,0,0,0,0,0,0,0,0,0,0,0,871.850994527522,0,0,1048.48259456522,705.942993241889,0,0,0,0,0,0,0,0,0,0,0,0,0,0,0,0,0,0,0,0,0,0,0,0
"PAC001920_g",0,0,0,0,0,0,0,0,0,0,0,1739.00189413473,6895.85374299086,0,0,0,0,0,0,0,0,0,0,0,0,0,0,0,0,0,0,0,0,0,0,0,0,0,0,0,0,2243.52451323005,0,3356.63641861641,1489.59795149996,3222.03773975053,0,0,0,0,0,0,0,0,0,0,0,0,2956.04799129068,0
"PAC002801_g",0,0,0,0,0,0,0,0,0,0,0,0,0,0,0,0,0,0,0,0,0,0,0,0,0,764.336917957006,0,0,0,0,0,0,0,0,0,0,0,0,0,0,0,0,0,0,0,0,0,0,0,0,0,0,0,0,0,0,0,0,0,0
"PAC002828_g",0,0,0,0,0,1523.75951344346,0,0,0,0,0,0,0,0,0,0,0,0,0,0,0,0,0,0,0,0,0,0,0,0,0,926.540407750984,0,0,2041.81277509063,1169.25962816618,1421.21565112813,0,0,0,0,0,0,0,0,0,0,0,0,0,0,0,0,0,0,0,0,0,0,0
"Paenarthrobacter",0,0,0,0,0,0,0,0,1767.78097530108,0,0,0,0,0,0,0,0,0,0,0,0,0,0,0,0,0,0,0,0,0,0,0,0,0,0,0,0,0,0,0,0,0,0,0,0,0,0,0,0,0,0,0,0,0,0,0,0,0,0,0
"Paeniglutamicibacter",0,0,0,0,0,0,0,0,0,0,0,0,0,0,0,0,0,0,0,0,0,0,0,0,0,0,0,0,0,0,0,0,0,0,0,0,1376.53319546663,0,0,0,0,0,0,0,0,0,0,0,0,0,0,0,0,0,0,0,0,0,0,0
"Paracnuella",0,567.685634815486,0,0,0,0,0,0,0,0,0,0,0,0,0,0,0,0,0,0,0,0,0,0,0,0,0,0,0,0,0,0,0,0,0,0,0,0,0,0,0,0,0,0,0,0,0,0,0,0,0,0,0,0,0,0,0,0,0,0
"Paracoccus",0,1563.09033608286,0,0,1520.58531281919,0,2031.34233924185,0,0,0,0,0,0,0,0,0,0,0,0,0,0,0,0,0,0,0,541.825069312853,0,0,0,2577.07867308603,0,0,3848.53553234191,0,0,0,0,0,0,0,0,0,0,0,0,0,0,0,0,800.414278945515,0,0,0,0,0,0,0,0,0
"Paraconexibacter",0,0,0,0,0,0,0,4820.57398237779,4671.71747939044,7788.43990149811,7781.62262490333,2829.32847855253,4676.93825287453,7984.11031560457,5977.47271236892,0,9223.49722898386,0,0,0,2553.97751264541,1696.34446999793,0,0,0,0,0,0,0,0,0,0,0,0,0,0,0,0,0,0,8011.70725560123,4118.2504763401,3251.0754529014,6843.96601381748,3131.1956939693,8480.08705738022,11755.8576779167,5505.3273204293,12681.8090341119,0,0,0,0,3372.39002773721,0,0,0,0,5025.28158519416,3263.70453898524
"Paracraurococcus",0,0,0,0,0,0,0,0,0,0,0,0,0,0,0,0,0,0,0,0,0,0,0,598.169919105063,0,0,0,0,722.791613789409,0,0,0,0,0,0,0,0,0,0,0,0,0,0,0,0,0,0,0,0,588.211421591797,0,0,0,0,0,0,492.837510344588,0,0,0
"Paradevosia",0,0,0,0,0,0,0,0,0,0,0,0,0,0,0,0,0,0,0,0,0,0,0,0,0,0,0,0,602.974704722058,0,0,0,0,0,0,0,0,0,0,0,0,0,0,0,0,0,0,0,0,0,0,0,0,0,0,0,0,0,0,0
"Parapedobacter",0,0,0,0,0,0,398.058741671976,0,0,0,0,0,0,0,0,0,0,0,0,0,0,0,0,0,0,0,0,0,0,0,0,0,0,0,0,0,0,0,0,0,0,0,0,0,0,0,0,0,0,0,0,0,0,0,0,0,0,0,0,0
"Pararheinheimera",0,0,0,0,0,0,0,0,0,0,0,0,0,0,0,0,0,0,0,0,0,0,0,0,0,0,0,0,0,0,0,0,0,0,0,0,0,0,0,0,0,0,0,0,0,0,0,0,0,0,0,0,0,41470.8620202583,0,0,0,0,0,0
"Patulibacter",0,0,0,0,0,0,0,6377.17840358344,4296.20844868923,12211.7186874269,10620.5270167192,2852.98836826865,3261.42319883479,12368.4808622856,7252.93797820546,0,11552.7050967934,0,0,0,1930.39790861241,0,0,0,0,0,0,0,0,0,0,0,0,0,0,0,0,0,0,0,5266.0813783417,5357.82338091013,1880.28617611834,7312.28322991257,3622.6616847703,11551.4006390596,15747.085298897,3647.71954120129,9768.33199736446,0,0,0,0,2889.7860306923,0,0,0,0,6805.66706109152,2042.00547534362
"Paucibacter",0,0,0,0,0,0,0,0,0,0,0,0,0,0,0,0,0,0,0,0,0,0,0,0,0,0,0,0,0,0,1433.41377711805,0,0,0,0,0,0,0,0,0,0,0,0,0,0,0,0,0,0,0,495.736809770633,0,708.018326528654,0,0,0,5839.98205899657,0,0,0
"Pediococcus",0,1792.97956009905,0,0,0,0,0,0,0,0,0,0,0,0,0,0,0,0,0,0,0,0,0,0,0,0,3729.83620946171,0,0,0,0,0,0,0,0,0,0,0,0,0,0,0,0,0,0,0,0,0,0,0,0,0,0,0,0,0,0,0,0,0
"Pedobacter",0,0,0,0,0,0,10039.2146977214,0,0,0,0,0,0,0,0,1012.25604921982,0,0,8462.42631224953,0,0,0,3303.63591791221,0,4186.47398732419,0,0,0,0,307.269236120439,0,0,0,0,0,0,1059.8364921816,0,0,0,0,0,0,0,0,0,0,0,0,0,1920.76816374072,0,2107.21282360266,0,0,0,0,2672.48442131225,0,0
"Pedobacter_g3",0,0,0,0,0,0,0,0,0,0,0,0,0,0,0,0,0,0,0,0,0,0,0,0,0,0,0,0,0,0,0,0,0,0,0,0,0,0,0,0,0,0,0,0,0,0,0,0,0,0,0,0,0,0,0,780.40222317174,0,0,0,0
"Pedococcus",0,0,0,0,0,0,0,0,5440.06672682522,0,0,4078.37348981597,0,0,1874.56797306263,0,0,0,0,0,0,0,0,0,0,0,0,0,0,0,0,0,0,0,0,0,0,0,0,0,0,2370.29901483381,0,4957.62783177867,4358.34067306212,5181.4517946755,0,0,0,0,0,0,0,0,1037.29605750223,0,0,0,2388.48677696287,0
"Peduovirus",1386.41006915915,345.615772160392,311.462761452899,2163.23342690268,3462.42334977659,0,0,0,0,0,0,0,0,0,0,0,0,0,0,0,0,0,0,0,0,42331.5697838259,2779.72679498988,4673.43119382735,0,0,0,0,71.4532532499327,0,0,0,0,3189.46147532079,689.787372821846,0,0,0,0,0,0,0,0,0,0,0,0,0,0,0,0,0,0,0,0,0
"Pelagibacterium",0,0,0,0,0,0,2371.40576755765,0,0,0,0,0,0,0,0,0,0,0,0,0,0,0,0,0,0,0,0,0,0,0,0,0,0,0,0,0,0,0,0,0,0,0,0,0,0,0,0,0,0,0,0,0,0,0,0,0,0,0,0,0
"Pelomonas",0,0,0,0,0,0,0,0,0,0,0,0,0,0,0,0,0,0,0,0,0,0,0,0,0,0,0,0,2551.94455675916,0,0,0,0,0,0,0,0,0,0,0,0,0,0,0,0,0,0,0,0,0,919.119786416249,0,0,0,0,0,2827.69082524878,0,0,0
"Peribacillus",0,0,0,0,0,0,0,0,0,0,0,0,0,0,0,0,0,0,0,0,0,0,0,0,0,0,0,0,0,0,0,0,0,0,0,0,696.105625042351,0,0,0,0,0,0,0,0,0,0,0,0,0,0,0,0,0,0,0,0,0,0,0
"Perlucidibaca",0,0,0,0,0,0,0,0,0,0,0,0,0,0,0,0,0,0,0,0,0,0,0,0,0,0,0,0,0,0,0,0,0,0,0,0,0,0,0,0,0,0,0,0,0,0,0,0,0,0,0,0,0,0,0,557.711689791925,0,0,0,0
"Petrimonas",0,0,0,0,0,0,0,0,0,0,0,0,0,0,0,0,0,0,0,0,0,0,0,0,0,0,0,0,0,0,519.708310634245,0,0,663.190028739269,0,0,0,0,0,0,0,0,0,0,0,0,0,0,0,0,0,0,0,0,0,0,0,0,0,0
"Phascolarctobacterium",0,0,0,0,0,0,0,0,0,0,0,0,0,0,0,0,0,0,0,0,0,0,0,0,0,0,0,0,0,0,0,0,0,0,557.391418487385,0,0,0,0,0,0,0,0,0,0,0,0,0,0,0,0,0,0,0,0,0,0,0,0,0
"Phenylobacterium",0,0,0,0,0,0,0,0,0,0,0,0,0,0,0,0,0,956.57719288214,0,0,1295.45466714828,0,0,0,0,0,0,0,0,0,1178.15881039061,0,0,0,0,0,0,0,0,0,0,0,0,0,0,0,0,0,0,789.986246183841,0,0,0,3619.52997783682,0,0,1783.90086114324,0,0,0
"Phreatobacter",0,0,0,0,0,0,0,0,0,0,0,0,0,0,0,0,0,0,0,0,0,0,0,1726.129221691,0,0,0,0,1036.33846024488,0,0,0,0,0,0,0,0,0,0,0,0,0,0,0,0,0,0,0,0,0,1045.73899438503,0,0,0,0,0,1853.9806458512,0,0,0
"Phycicoccus",0,0,0,0,0,0,0,0,0,0,0,3347.8743948308,0,0,0,0,0,0,0,0,0,0,0,0,0,0,0,0,0,0,0,0,0,0,0,0,0,0,0,0,0,0,0,0,0,0,0,0,0,0,0,0,0,0,0,0,0,0,2420.58101229689,4044.19025109005
"Phyllobacterium",0,0,0,0,0,0,0,0,0,0,0,0,0,0,0,0,0,0,0,0,0,0,0,0,0,0,0,0,0,0,0,0,0,0,0,0,0,0,0,0,0,909.190870087522,0,0,0,0,0,0,0,0,0,0,0,0,0,0,0,0,0,0
"Pisciglobus",0,623.203100479259,0,0,0,0,0,0,0,0,0,0,0,0,0,0,0,0,0,0,0,0,0,0,0,0,0,0,0,0,0,0,0,0,0,0,0,0,0,0,0,0,0,0,0,0,0,0,0,0,0,0,0,0,0,0,0,0,0,0
"Piscinibacter",0,0,0,0,0,0,0,0,0,0,0,0,0,0,0,0,0,0,0,0,0,0,0,0,0,0,0,0,0,0,0,0,0,872.783103859699,0,0,0,0,0,0,0,0,0,0,0,0,0,0,0,1132.24728987054,0,0,0,0,0,0,2180.44988680779,0,0,0
"Planktophila",0,0,0,0,0,0,0,0,0,0,0,0,0,0,0,0,0,0,0,1904.39096177572,0,0,0,0,0,0,0,0,0,0,0,0,0,0,0,0,0,0,0,0,0,0,0,0,0,0,0,0,0,0,0,0,0,0,0,0,0,0,0,0
"Planktothrix",0,0,0,0,0,0,0,0,0,0,0,0,0,0,0,0,0,0,0,0,0,0,0,0,0,0,0,0,0,0,0,0,0,0,0,0,0,0,0,0,0,0,0,0,0,0,0,0,6442.38517788648,0,0,526759.409481402,0,0,0,0,0,0,0,0
"Plantibacter",0,0,0,0,0,0,0,0,0,0,0,0,0,0,0,0,0,0,0,0,0,0,0,0,0,0,0,0,0,269.765282247066,0,0,0,0,0,0,0,0,0,0,0,0,0,0,0,0,0,0,0,0,0,0,757.249244018295,0,0,0,0,0,0,0
"Polaromonas",0,0,0,0,0,0,0,0,0,0,0,0,0,0,0,0,0,0,0,0,0,2453.09694314072,0,0,0,0,0,0,0,0,1418.84967991739,0,0,0,0,0,0,0,0,0,0,0,0,0,0,0,0,0,0,0,0,0,1458.78981824568,0,0,0,0,0,0,0
"Polyangium",0,0,0,0,0,0,0,1129.44905138328,0,0,0,844.855228613074,0,0,0,0,0,0,0,0,0,0,0,0,0,0,0,0,0,0,0,0,0,0,0,0,0,0,0,0,0,0,0,0,0,0,0,0,0,0,0,0,0,0,0,0,0,0,0,0
"Polynucleobacter",0,0,0,0,0,0,0,0,0,0,0,0,0,0,0,0,0,0,888.681019026301,0,5316.76186308774,40153.590957496,43088.9645742089,1868.00285635053,34982.6187739475,0,0,0,0,0,0,0,0,0,0,0,0,0,0,0,0,0,0,0,0,0,0,0,9028.50524421286,651.887894835835,0,17591.8310378536,1452.95984117454,5106.26164615259,5715.01588700104,9822.03202092917,2176.46160637726,6738.74639761947,0,0
"Porphyrobacter",0,6197.62581480377,0,0,0,0,0,0,0,0,0,0,0,0,0,0,0,1661.8022915572,2763.78982360792,0,0,0,852.167633294692,4414.05943510541,710.871573095146,0,0,0,772.585653921295,0,0,0,0,0,0,0,0,0,0,0,0,0,0,0,0,0,0,0,0,17238.0172630765,17981.6233245309,0,0,0,0,2433.17326147149,0,0,0,0
"Pradoshia",0,0,0,3942.35425172072,0,0,0,0,0,0,0,0,0,0,0,0,0,0,0,0,0,0,0,0,0,0,0,0,0,0,0,0,0,0,0,0,0,0,0,820.388117263569,0,0,0,0,0,0,0,0,0,0,0,0,0,0,0,0,0,0,0,0
"Prevotella",0,0,0,0,0,598.334887477797,0,0,0,0,0,0,0,0,0,0,0,0,0,0,0,0,0,0,0,1672.58482558624,0,0,0,1034.97753408448,0,0,0,0,599.635820730639,0,0,4041.4224442146,0,1466.37068465757,0,0,0,0,0,0,0,0,0,0,0,0,0,0,0,0,0,409.858520346387,0,0
"Prochlorococcus",0,0,0,0,0,0,0,0,0,0,0,0,0,0,0,0,0,0,9889.52910357316,9611.38397904306,9323.86451223829,0,0,0,0,0,0,0,0,0,0,0,0,0,0,0,0,0,0,0,0,0,0,0,0,0,0,0,0,0,0,0,0,4473.81689196067,0,0,6600.03435818695,0,0,0
"Prolinoborus",0,0,0,2524.46567543355,2654.34889980336,0,0,0,0,0,0,0,0,0,0,0,0,0,0,0,0,0,0,0,0,0,0,0,0,0,0,0,0,0,0,1724.30896842699,0,4106.12834058628,3885.56304660865,0,0,0,0,0,0,0,0,0,0,0,0,0,0,0,0,0,0,989.737215536781,0,0
"Protaetiibacter",0,0,0,0,0,0,0,0,0,0,0,0,0,0,0,0,0,0,0,0,0,0,0,0,0,0,0,0,4912.49327176139,0,0,0,0,0,0,0,0,0,0,0,0,0,0,0,0,0,0,0,0,0,0,0,0,0,0,0,0,0,0,0
"Providencia",0,0,0,0,0,0,0,0,0,0,0,0,0,0,0,0,0,0,0,0,0,0,0,0,0,874.335348129431,0,0,0,0,0,0,0,0,0,0,0,0,0,0,0,0,0,0,0,0,0,0,0,0,0,0,0,0,0,0,0,0,0,0
"Pseudacidovorax",0,0,0,0,0,0,0,0,0,0,0,0,0,0,0,0,0,376.771135079317,809.669049415346,0,0,0,0,1478.16989625001,0,0,0,0,0,0,0,0,0,0,0,0,0,0,0,0,0,0,0,0,0,0,0,0,0,0,0,0,0,0,0,0,0,0,0,0
"Pseudactinotalea",0,0,0,0,0,0,1015.29457667706,0,1580.98930361894,3972.27781167721,2926.96211401653,0,0,0,1228.02500621457,0,0,0,720.067846763749,0,0,0,0,0,0,0,0,0,647.322521714519,0,0,0,0,0,0,0,0,0,0,0,0,1563.55218644629,0,2836.04193188745,1108.5851421367,3014.48316142304,3612.54691470758,0,0,0,0,0,0,0,0,1397.23529350698,1127.54385314675,0,1547.27997715558,0
"Pseudaminobacter",0,0,0,0,0,0,0,0,0,0,0,0,0,0,0,0,0,0,0,0,0,0,0,0,0,0,527.048021967957,0,0,0,0,0,0,0,0,0,0,0,0,0,0,0,0,0,0,0,0,0,0,0,0,0,0,0,0,0,0,0,0,0
"Pseudarcobacter",0,0,0,0,0,0,0,0,0,0,0,0,0,0,0,0,0,0,0,0,0,0,0,0,0,0,0,0,0,0,0,0,0,0,0,0,0,0,0,0,0,0,0,0,0,0,0,0,0,0,0,0,0,0,0,0,0,1759.03002186517,0,0
"Pseudarthrobacter",0,0,0,0,0,0,0,0,2355.11561306451,0,0,0,0,0,2095.50403930212,0,0,0,3598.71012104326,0,0,0,0,0,759.230183509782,0,0,0,0,0,0,0,0,0,0,0,0,0,0,0,0,0,0,0,0,0,0,0,0,0,0,0,0,0,0,0,0,0,0,0
"Pseudescherichia",0,0,1040.39281884936,0,0,847.641090593546,0,0,0,0,0,0,0,0,0,0,0,0,0,0,0,0,0,0,0,0,0,0,0,0,0,0,0,0,0,0,0,0,0,0,0,0,0,0,0,0,0,0,0,0,0,0,0,0,0,0,0,0,0,0
"Pseudoduganella",0,0,0,0,0,0,0,0,0,0,0,0,0,0,0,0,0,0,0,0,0,2854.32812017616,0,0,0,0,0,0,0,12607.9081424836,0,0,0,0,0,0,0,0,0,0,0,0,0,0,0,0,0,0,0,0,0,0,9795.65702997832,0,4858.39271299789,0,0,2574.86827529915,0,0
"Pseudoflavonifractor",0,0,4133.58131404315,4208.59836580105,0,9439.06525823307,0,0,0,0,0,0,0,0,0,0,0,0,0,0,0,0,0,0,0,3959.50870980345,0,0,0,0,0,20042.3980995798,258.497550218871,3998.69176526401,32580.99523011,17330.8340111135,9915.58564319898,9912.13450043694,0,8600.43457373578,0,0,0,0,0,0,0,0,0,0,0,0,0,0,0,0,0,0,0,0
"Pseudofulvimonas",0,0,0,0,0,0,0,0,0,0,0,0,0,0,0,0,0,0,0,0,0,0,0,0,0,0,0,0,0,0,723.60567144355,0,0,0,0,0,0,0,0,0,0,0,0,0,0,0,0,0,0,0,0,0,0,0,0,0,0,0,0,0
"Pseudogracilibacillus",0,0,0,0,0,0,0,0,0,0,0,0,0,0,0,0,0,0,0,0,0,0,0,0,0,0,0,0,0,0,0,0,680.055088623485,0,0,0,0,0,0,0,0,0,0,0,0,0,0,0,0,0,0,0,0,0,0,0,0,0,0,0
"Pseudolabrys",0,0,0,0,0,0,0,2799.12401165956,6826.56160941431,5885.31491124977,8376.96939891193,5940.60397622215,8145.58775466558,0,0,0,0,0,0,0,0,10706.2698884899,0,0,0,0,0,0,0,0,0,0,0,0,0,0,0,0,0,0,7325.30078628635,4566.44315877761,4694.65000101806,10281.1965579944,3918.5546111907,8761.76827082466,11216.3214503954,5734.22685720621,0,0,0,0,0,0,0,0,0,0,6148.57982188462,6243.88569683852
"Pseudomonas",8369.80893603486,0,0,2270.00841015365,1007.2823687275,0,2178.21358735166,0,0,0,0,0,12111.5803835517,0,0,0,0,11752.3809446842,20828.2068345578,0,14169.0354219343,0,7535.7381990769,26334.1750604298,11065.831737452,0,3364.24111218799,1539.83626372319,0,76351.1414631047,1126.80120447248,0,0,3595.92895299901,0,0,888.945696844624,0,0,0,0,0,0,0,0,0,0,0,0,0,17016.151863769,0,73019.8150408197,130375.08060491,7436.35206561176,10193.1829098955,16150.826480622,26732.6017876401,0,0
"Pseudonocardia",0,0,0,0,0,0,0,0,4833.4752156925,0,0,1703.51205956055,0,0,3670.52065875171,0,0,0,0,0,0,0,0,0,0,0,0,0,0,0,0,0,0,0,0,0,0,0,0,0,0,0,0,0,0,0,0,0,0,0,0,0,0,0,0,0,0,0,0,14023.2575701445
"Pseudorhodobacter",0,0,0,0,0,0,0,0,0,0,0,0,0,0,0,0,0,0,0,0,0,0,0,0,0,0,0,0,0,0,0,0,0,0,0,0,0,0,0,0,0,0,0,0,0,0,0,0,0,0,0,0,397.73399129789,0,0,0,0,0,0,0
"Pseudorhodoferax",0,0,0,0,0,0,0,0,0,0,0,0,0,0,0,0,0,0,592.182493888287,0,0,0,0,0,0,0,0,0,0,0,0,0,0,0,0,0,0,0,0,0,0,0,0,0,0,0,0,0,0,0,0,0,0,0,0,471.000331661732,0,0,0,0
"Pseudorhodoplanes",0,0,0,0,0,0,0,2775.25356452243,4078.60577961622,6698.107875835,7842.88017078203,3631.79307142423,9156.21449369846,8031.91935941058,3436.03023262023,0,7027.0313946025,0,0,0,0,5772.98866536223,0,0,0,0,0,0,880.732084832736,0,0,0,0,0,0,0,0,0,0,0,6457.3053039252,4567.72370929886,4743.17351524047,6109.90600533356,1811.83750835505,5351.94305544451,6635.29025150372,9672.47273354742,0,0,0,0,0,0,0,0,0,0,3349.62466670253,3295.56109866298
"Pseudorivibacter",0,0,0,0,0,0,0,0,0,0,0,0,0,0,0,0,0,0,0,0,0,0,0,0,0,0,0,0,0,0,0,0,0,0,0,0,0,0,0,0,0,0,0,0,0,0,0,0,0,0,0,0,0,0,0,0,572.033364608054,0,0,0
"Pseudoxanthomonas",4031.59245507867,2212.87926518984,0,0,0,0,694.813981442569,0,0,0,0,0,0,0,0,0,0,0,0,0,0,0,0,0,0,0,0,0,0,0,2007.54581939688,0,0,3843.06108634996,0,0,0,0,0,0,0,0,12967.9091759388,0,0,0,0,0,0,0,438.645113320424,0,0,0,0,0,0,0,0,0
"Psychrobacillus",0,0,0,2059.92516388714,0,0,0,0,0,0,0,0,0,0,0,0,0,0,0,0,0,0,0,0,0,0,0,0,0,0,0,0,0,0,0,0,1028.48038294546,0,0,0,0,0,0,0,0,0,0,0,0,0,0,0,0,2582.32058096208,0,0,0,1703.43407115573,0,0
"Punavirus",0,0,0,0,7320.80318004006,0,0,0,0,0,0,0,0,0,0,0,0,0,0,0,0,0,0,0,0,56572.2361153184,1962.0635085723,3696.7323700346,0,0,0,0,0,0,0,0,0,0,0,0,0,0,0,0,0,0,0,0,0,0,0,0,0,0,0,0,0,0,0,0
"Pusillimonas",0,0,0,0,0,0,1216.01861576046,0,0,0,0,0,0,0,0,0,0,0,0,0,0,0,0,0,0,0,0,0,0,0,0,0,0,0,0,0,0,0,0,0,0,0,0,0,0,0,0,0,0,0,0,0,0,0,0,0,0,0,0,0
"Rahnella",0,0,0,0,0,0,0,0,0,0,0,0,0,0,0,0,0,0,0,0,0,0,0,0,0,0,0,0,0,0,0,0,0,0,0,0,0,0,0,0,0,0,0,0,0,0,0,0,0,0,0,0,1261.21837305699,0,0,0,0,0,0,0
"Ramlibacter",0,0,0,0,0,0,0,0,0,0,0,0,0,0,0,0,0,0,0,0,0,0,0,4163.54382795885,0,0,0,0,2943.29459092071,0,0,0,0,1423.35595790739,0,0,0,0,0,0,0,0,0,0,0,0,0,0,0,0,1151.44342246611,0,0,0,0,2363.54141327603,2566.74333422239,0,0,0
"Rhabdaerophilum",0,0,0,0,0,0,0,0,0,0,0,0,0,0,0,0,0,0,1759.44179752228,0,0,0,0,0,0,0,0,0,0,0,0,0,0,0,0,0,0,0,0,0,0,0,0,0,0,0,0,0,0,980.617687958179,0,0,0,0,0,0,0,0,0,0
"Rheinheimera",0,0,0,0,0,0,0,0,0,0,0,0,0,0,0,0,0,0,0,0,0,0,0,0,0,0,0,0,0,0,10460.8544472353,0,0,0,0,0,0,0,0,0,0,0,0,0,0,0,0,0,0,0,0,0,0,29734.6333663154,0,0,0,0,0,0
"Rhizobacter",0,0,0,0,0,0,0,0,0,0,0,0,0,0,0,0,0,0,0,0,0,0,0,0,0,0,0,0,0,0,0,0,0,0,0,0,0,0,0,0,0,0,0,0,0,0,0,0,0,0,0,0,0,0,0,0,924.141551189505,0,0,0
"Rhizobium",2021.66462994847,764.733541115076,0,0,0,0,0,0,0,0,0,0,0,0,0,0,0,10583.5166047519,6110.80202083896,0,0,0,0,2186.25992869489,420.719910607332,0,0,0,2533.27179170971,0,0,0,0,0,0,0,0,0,0,0,0,0,0,0,2484.68991637952,0,0,0,0,0,4385.88586888295,0,0,2434.42580767412,0,0,0,0,0,0
"Rhodobacter",0,1458.31089384419,0,0,0,0,0,0,0,0,0,0,0,0,0,0,0,0,0,0,0,0,0,5625.09789312261,0,0,0,0,0,0,0,0,0,0,0,0,0,0,1306.29124318194,0,0,0,0,0,0,0,0,0,0,0,1518.8652313041,0,0,0,0,0,0,877.252385031621,0,0
"Rhodoblastus",0,0,0,0,0,0,0,0,0,0,0,0,0,0,0,0,0,0,0,0,0,0,0,0,0,0,0,0,0,2357.48538119814,0,0,0,0,0,0,0,0,0,0,0,0,0,0,0,0,0,0,0,0,0,0,0,0,0,0,0,0,0,0
"Rhodococcus",0,0,0,1291.00661567077,0,0,0,0,0,0,0,2301.91010363072,0,0,0,0,0,0,0,0,0,0,0,0,0,0,1275.75175410935,1249.59307028694,0,630.329610713877,0,0,0,0,0,0,0,0,0,0,0,0,0,0,2129.01040551116,0,0,3565.55047671727,19209.3070243079,0,0,0,0,0,0,0,0,0,0,0
"Rhodoferax",0,0,0,0,0,0,0,0,0,0,0,0,0,0,0,0,0,0,0,0,0,20952.0550505932,0,0,0,0,0,0,0,0,594.061859500796,0,0,0,0,0,0,0,0,0,0,0,0,0,0,0,0,0,0,0,0,0,2184.29807598776,0,1109.205662875,0,0,0,0,0
"Rhodoluna",0,0,0,0,0,0,0,0,0,0,0,0,0,0,0,0,0,3573.41463993371,0,0,0,15966.2921123259,2016.46643459849,0,3858.3262737963,0,0,0,0,0,0,0,0,0,0,0,0,0,0,0,0,0,0,0,0,0,0,0,0,0,0,0,0,0,70701.5240025092,21363.8393114405,0,0,0,0
"Rhodopila",0,0,0,0,0,0,0,1618.16504803299,0,0,0,0,0,0,0,0,0,0,0,0,0,0,0,0,0,0,0,0,0,0,0,0,0,0,0,0,0,0,0,0,0,0,0,0,1201.81168059792,0,0,0,0,0,0,0,0,0,0,0,0,0,0,0
"Rhodoplanes",0,0,0,0,0,0,0,0,4084.38284162701,12538.8182951258,12628.6259425553,0,0,10155.2033637366,0,0,0,0,0,0,0,0,0,0,0,0,0,0,0,0,0,0,0,0,0,0,0,0,0,0,0,5099.15217561762,0,4212.67672524603,1894.93072741831,0,7211.68920264445,0,0,0,0,0,0,0,0,0,0,0,0,0
"Rhodopseudomonas",0,0,0,0,0,0,0,0,0,0,0,0,0,0,0,0,0,0,0,0,0,0,0,0,0,0,0,0,894.736658619829,0,0,0,0,0,0,0,0,0,0,0,0,0,0,0,911.9987458163,0,0,0,0,0,0,0,0,0,0,0,0,0,0,0
"Rhodovarius",0,0,0,0,0,0,0,0,0,0,0,0,0,0,0,0,0,0,0,0,0,0,0,0,0,0,0,0,0,0,0,0,0,0,0,0,0,0,0,0,0,0,0,0,0,0,0,0,0,612.488077016086,0,0,0,0,0,0,510.499895108383,0,0,0
"Rickettsiella",0,0,0,0,0,0,0,0,0,0,0,0,0,0,0,0,0,0,0,0,0,0,0,0,0,0,672.629303217673,0,0,0,0,0,0,0,0,0,0,0,0,0,0,0,0,0,0,0,0,0,0,0,0,0,0,0,0,0,0,0,0,0
"Rivibacter",0,0,0,0,0,0,0,0,0,0,0,0,0,0,0,0,0,0,0,0,0,0,0,0,0,0,0,0,0,0,0,0,0,925.963436352942,0,0,0,0,0,0,0,0,0,0,0,0,0,0,0,0,0,0,0,0,0,0,648.950201482643,0,0,0
"Romboutsia",0,1881.33834347942,0,0,0,0,0,0,0,0,0,0,0,0,0,0,0,0,0,0,0,0,0,0,0,0,0,0,0,0,0,0,0,0,0,0,0,0,0,0,0,0,0,0,0,0,0,0,0,0,0,0,0,0,0,0,0,0,0,0
"Roseateles",0,0,0,0,0,0,0,0,0,0,0,0,0,0,0,0,0,0,1346.46170893719,0,0,0,0,915.787921023029,0,0,0,0,0,0,0,0,0,0,0,0,0,0,0,0,0,0,0,0,0,0,0,0,0,0,1201.75194706085,0,0,0,0,0,1755.41314378229,0,0,0
"Roseburia",0,0,0,0,0,0,0,0,0,0,0,0,0,0,0,0,0,0,0,0,0,0,0,0,0,0,0,0,0,0,0,0,0,0,489.330992651031,0,0,0,0,0,0,0,0,0,0,0,0,0,0,0,0,0,0,0,0,0,0,0,0,0
"Roseiarcus",0,0,0,0,0,0,0,0,0,0,0,0,0,0,0,0,0,0,0,0,1774.14789393443,4454.17395265924,0,0,0,0,0,0,0,0,0,0,0,0,0,0,0,0,0,0,0,0,0,2685.74477881507,0,0,0,0,0,0,0,0,0,0,0,0,0,0,0,0
"Roseivivax",0,0,0,0,0,0,0,0,0,0,0,1001.60199798236,0,0,1420.49691668087,0,0,0,0,0,0,0,0,0,0,0,0,0,0,0,0,0,0,0,0,0,0,0,0,0,0,0,0,0,0,0,0,0,0,0,0,0,0,0,0,0,0,0,0,0
"Roseomonas",0,1219.8203723308,0,0,0,0,0,0,0,0,0,0,0,0,0,0,0,0,0,0,0,0,0,0,0,0,0,0,745.35453822417,0,0,0,0,0,0,0,0,0,0,0,0,0,0,0,0,0,0,0,0,4622.91195751713,0,0,0,0,0,0,1952.54814792012,0,0,0
"Rothia",0,0,0,0,0,0,0,0,0,0,0,0,0,0,0,0,0,0,0,0,0,0,0,0,0,342.603806228738,0,0,0,0,0,0,0,0,0,0,0,0,0,0,0,0,0,0,0,0,0,0,0,0,0,0,0,0,0,0,0,0,0,0
"Ruania",0,0,0,0,0,0,5055.38367852848,0,0,0,0,0,0,0,0,0,0,0,0,0,0,0,0,0,0,0,0,0,0,0,0,0,269.323800711285,0,0,0,0,0,0,0,0,0,0,0,0,0,0,0,0,0,0,0,0,0,0,0,0,0,0,0
"Rubritepida",0,0,0,0,0,0,0,0,0,0,0,0,0,0,0,0,0,0,0,0,0,0,0,2092.95564644132,0,0,0,0,0,0,0,0,0,0,0,0,0,0,0,0,0,0,0,0,0,0,0,0,0,2503.28135440623,401.337668115336,0,0,0,0,0,1040.37143802222,0,0,0
"Rubrivivax",0,0,0,0,0,0,0,0,0,0,0,0,0,0,0,0,0,0,0,2581.22180359601,0,0,0,0,0,0,0,0,0,0,0,0,0,593.586358270171,0,0,0,0,0,0,0,0,0,0,0,0,0,0,0,0,0,0,0,0,0,0,3223.10034221889,0,0,0
"Rubrobacter",0,0,0,0,0,0,0,0,0,0,0,0,0,13040.6197722643,0,0,2826.99049316505,0,0,0,0,0,0,0,0,0,0,0,0,0,0,0,0,0,0,0,0,0,0,0,0,0,0,0,0,0,0,0,0,0,0,0,0,0,0,0,0,0,0,0
"Rudaea",0,0,0,0,0,0,0,0,0,0,0,0,0,0,0,0,0,0,0,0,0,0,0,0,0,0,0,0,0,0,0,0,0,0,0,0,0,0,0,0,0,0,0,0,0,0,0,0,0,0,0,0,0,0,0,0,0,0,0,2988.14529777272
"Rugamonas",0,0,0,0,0,0,0,0,0,0,0,0,0,0,0,0,0,0,1240.56937853076,0,0,0,0,0,1018.2941678739,0,0,0,0,1090.24651873997,0,0,0,0,0,0,0,0,0,0,0,0,0,0,0,0,0,0,0,0,0,0,2747.214750968,0,618.422606205837,0,0,1354.98968240698,0,0
"Ruminococcus_g2",0,0,0,0,0,0,0,0,0,0,0,0,0,0,0,0,0,0,0,0,0,0,0,0,0,0,0,0,0,0,0,2084.55693658732,0,0,0,600.915692929066,0,0,0,0,0,0,0,0,0,0,0,0,0,0,0,0,0,0,0,0,0,0,0,0
"Rummeliibacillus",0,0,0,0,0,0,0,0,0,0,0,0,0,0,0,0,0,0,0,0,0,0,0,0,0,414.776689266771,0,0,0,0,0,0,0,0,0,0,0,0,0,0,0,0,0,0,0,0,0,0,0,0,0,0,0,0,0,0,0,0,0,0
"Runella",0,0,0,0,0,0,0,0,0,0,0,0,0,0,0,0,0,0,0,0,0,0,0,0,0,0,0,0,0,0,0,0,0,0,0,0,0,0,0,0,0,0,0,0,0,0,0,0,0,0,644.401326269695,0,0,0,0,0,945.792216383834,0,0,0
"S_thermoautotrophicus_g",0,0,0,0,0,0,0,3513.98108645053,0,0,0,0,0,0,0,0,0,0,0,0,0,0,0,0,0,0,0,0,0,0,0,0,0,0,0,0,0,0,0,0,0,0,0,0,0,0,0,0,0,0,0,0,0,0,0,0,0,0,0,0
"Saccharofermentans",0,0,0,0,0,950.022838006413,0,0,0,0,0,0,0,0,0,0,0,0,0,0,0,0,0,0,0,0,0,0,0,0,0,0,0,0,1000.95764204156,1973.58262423274,0,1014.39972957688,0,3074.99394071713,0,0,0,0,0,0,0,0,0,0,0,0,0,0,0,0,0,0,0,0
"Salinarimonas",0,0,0,0,0,0,0,0,0,0,0,0,0,0,0,0,0,0,0,0,2950.2843680559,0,0,0,0,0,0,0,0,0,0,0,0,0,0,0,0,0,0,0,0,0,0,0,0,0,0,0,0,522.147080601108,0,0,0,0,0,0,0,0,0,0
"Salinibacterium",0,0,0,0,0,0,0,0,0,0,0,0,0,0,0,0,0,0,0,0,0,0,0,0,0,0,0,0,0,0,0,0,0,0,0,0,0,0,0,0,0,0,0,0,0,0,0,0,0,0,0,0,0,0,0,1253.37326751825,0,0,0,0
"Salinicoccus",0,0,0,0,0,0,0,0,0,0,0,0,0,0,0,0,0,0,0,0,0,0,0,0,0,0,0,0,0,0,0,0,2058.81972825738,0,0,0,0,0,0,0,0,0,0,0,0,0,0,0,0,0,0,0,0,0,0,0,0,0,0,0
"Samwavirus",0,0,0,0,4544.18910258858,0,0,0,0,0,0,0,0,0,0,0,0,0,0,0,0,0,0,0,0,0,0,0,0,0,0,0,0,0,0,0,0,0,0,0,0,0,0,0,0,0,0,0,0,0,0,0,0,0,0,0,0,0,0,0
"Sandarakinorhabdus",0,0,0,0,0,0,0,0,0,0,0,0,0,0,0,0,0,0,0,0,0,0,0,50378.5607830889,0,0,0,0,0,0,0,0,0,0,0,0,0,0,0,0,0,0,0,0,0,0,0,0,0,0,0,0,0,0,0,0,7762.33322651407,1400.88866496943,0,0
"Sanguibacter",0,0,0,0,297.582199620576,0,0,0,0,0,0,0,0,0,0,0,0,0,0,0,0,0,0,0,0,0,0,0,0,0,0,0,0,0,0,0,0,0,0,0,0,0,0,0,0,0,0,0,0,0,0,0,0,0,0,0,0,0,0,0
"Sansavirus",0,0,0,0,0,0,0,0,0,0,0,0,0,0,0,0,0,875.363223792737,0,0,0,0,0,0,0,0,0,0,0,0,0,0,0,0,0,0,0,0,0,0,0,0,0,0,0,0,0,0,0,0,0,0,0,0,0,0,0,0,0,0
"Sashavirus",0,0,0,0,0,0,0,0,0,0,0,0,0,0,0,0,0,0,0,0,0,0,0,0,0,259.561513094615,0,0,0,0,0,0,0,0,0,0,0,0,0,0,0,0,0,0,0,0,0,0,0,0,0,0,0,0,0,0,0,0,0,0
"Schiekvirus",0,0,0,0,0,0,631.546366872189,0,0,0,0,0,0,0,0,0,0,0,0,0,0,0,0,0,0,0,5216.29771274828,946.220944029658,0,0,0,0,0,0,0,0,0,0,0,0,0,0,0,0,0,0,0,0,0,0,0,0,0,0,0,0,0,0,0,0
"Schlegelella",0,0,0,0,0,0,0,0,0,0,0,0,0,0,0,0,0,0,0,0,0,0,0,0,0,0,0,0,0,0,0,0,0,1010.42631737162,0,0,0,0,0,0,0,0,0,0,0,0,0,0,0,0,0,0,0,0,0,0,1295.05163122919,0,0,0
"Schumannella",0,0,0,0,0,0,194.698551981468,0,0,0,0,0,0,0,0,0,0,0,0,0,0,0,0,0,0,0,0,0,1411.34982498815,0,0,0,0,0,0,0,0,0,0,0,0,0,0,0,0,0,0,0,0,0,0,0,0,0,0,0,0,0,0,0
"Sediminibacterium",0,0,0,0,0,0,0,0,0,0,0,0,0,0,0,0,0,299.669265690643,0,0,0,0,1342.65946873757,518.286115805775,0,0,0,0,0,0,0,0,0,0,0,0,0,0,0,0,0,0,0,0,0,0,0,0,0,0,7559.27976860055,0,0,0,0,1523.36090533271,1193.06560307696,602.504954200052,0,0
"Sediminicoccus",0,0,0,0,0,0,0,0,0,0,0,0,0,0,0,0,0,0,0,0,0,0,0,1757.44367258432,0,0,0,0,0,0,0,0,0,0,0,0,0,0,0,0,0,0,0,0,0,0,0,0,0,3267.0010553769,0,0,0,0,0,0,1311.00475295133,0,0,0
"Senegalimassilia",0,0,0,0,0,938.056140256857,0,0,0,0,0,0,0,0,0,0,0,0,0,0,0,0,0,0,0,0,0,0,0,0,0,0,0,0,0,0,0,0,0,0,0,0,0,0,0,0,0,0,0,0,0,0,0,0,0,0,0,0,0,0
"Seoulvirus",0,0,0,0,0,0,0,0,0,0,0,0,0,0,0,0,0,0,0,0,0,0,0,0,0,0,922.197213931472,0,0,0,0,0,0,0,0,0,0,0,0,0,0,0,0,0,0,0,0,0,0,0,0,0,0,0,0,0,0,0,0,0
"Serinicoccus",0,1917.30740574046,0,0,0,0,1257.06724664244,0,0,0,0,0,0,0,0,0,0,0,0,0,0,0,0,0,0,0,0,0,0,0,0,0,0,0,0,0,0,0,0,0,0,0,0,0,0,0,0,0,0,0,0,0,0,0,0,0,0,0,0,0
"Seuratvirus",0,0,0,0,182.343756320046,0,0,0,0,0,0,0,0,0,0,0,0,0,0,0,0,0,0,0,0,0,0,0,0,0,0,0,0,0,0,0,0,0,0,0,0,0,0,0,0,0,0,0,0,0,0,0,0,0,0,0,0,0,0,0
"Shinella",0,0,0,0,0,0,0,0,0,0,0,0,0,0,0,0,0,0,0,0,0,0,0,0,0,0,0,0,0,0,0,0,0,0,0,0,0,0,0,0,0,0,3253.77120369153,0,0,0,0,0,0,0,0,0,0,0,0,0,0,0,0,0
"Siccibacter",0,0,3132.49354730831,0,0,0,0,0,0,0,0,0,0,0,0,0,0,0,0,0,0,0,0,0,0,0,0,0,0,0,0,0,0,0,0,0,0,0,0,0,0,0,0,0,0,0,0,0,0,0,0,0,0,0,0,0,0,0,0,0
"Silanimonas",0,0,0,0,0,0,0,0,0,0,0,0,0,0,0,0,0,518.124562291884,0,0,0,0,0,0,0,0,0,0,0,0,0,0,0,0,0,0,0,0,0,0,0,0,0,0,0,0,0,0,0,899.828162529806,0,0,0,0,0,0,1103.61417056355,0,0,0
"Simplicispira",0,0,0,903.427293350703,0,0,0,0,0,0,0,0,0,0,0,0,0,0,0,0,0,1411.92743311205,0,0,0,0,0,0,0,0,2084.96549398989,0,0,3409.79778927266,0,0,0,0,524.771374271598,0,0,0,0,0,0,0,0,0,0,0,525.130554477672,0,0,0,0,657.561132487299,0,0,0,0
"Sinomonas",0,0,0,0,0,0,0,2405.88980355837,0,0,0,0,0,0,0,0,0,0,0,0,0,0,1039.44633410015,0,0,0,0,0,0,0,0,0,0,0,0,0,0,0,0,0,0,0,0,0,0,0,0,0,0,0,0,0,0,0,0,0,0,0,0,0
"Solibacillus",0,0,0,0,3790.22050709182,0,0,0,0,0,0,0,0,0,0,0,0,0,0,0,0,0,0,0,0,0,0,0,0,0,0,0,0,0,0,0,2087.53297239615,0,0,0,0,0,0,0,0,0,0,0,0,0,0,0,0,0,0,0,0,0,0,0
"Solibacter",0,0,0,0,0,0,0,1432.22682822796,0,0,0,0,2920.29682319909,0,0,0,0,0,0,0,0,0,0,0,0,0,0,0,0,0,0,0,0,0,0,0,0,0,0,0,0,0,0,1760.00144467362,1020.42526337446,0,0,0,0,0,0,0,0,0,0,0,0,0,0,1510.00092872523
"Solirubrobacter",0,764.733541115076,0,0,0,0,0,15187.8860758314,25752.2167567553,32910.6809837087,29989.39730424,13661.6146535822,16039.3158488151,35536.1810313418,30142.1855278141,0,41104.4002887344,0,0,0,1629.26151668759,3272.48888274052,0,0,0,0,0,0,569.519334008447,0,0,0,0,0,0,0,0,0,0,0,25077.4427016893,19117.3387317417,15972.3234315429,25628.9319282548,10958.1715969527,35948.9471438883,52727.0994026059,25745.3286685108,17212.4295047394,0,0,0,0,2403.29006592929,0,0,0,0,22391.6412414567,12873.2357657778
"Sorangium",0,0,0,0,0,0,0,0,0,0,0,659.51942583681,0,0,0,0,0,0,0,0,0,0,0,0,0,0,0,0,0,0,0,0,0,0,0,0,0,0,0,0,0,1290.79492542003,0,0,1316.31818979486,0,0,0,0,0,0,0,0,0,0,0,0,0,0,0
"Sphaerotilus",0,0,0,0,0,0,0,0,0,0,0,0,0,0,0,0,0,0,0,0,0,0,0,0,0,0,0,0,0,0,2081.13283683182,0,0,2616.00312043969,0,0,0,0,0,0,0,0,0,0,0,0,0,0,0,0,0,0,0,0,0,0,1087.09129449419,0,0,0
"Sphingobacterium",0,0,0,11209.9865532572,4828.06917023134,0,1644.58138588602,0,0,0,0,0,0,0,0,0,0,0,0,0,0,0,0,0,0,0,3104.27453852778,3010.74563013599,0,0,0,0,0,0,0,0,896.784724153659,0,912.712712478238,0,0,0,0,0,0,0,0,0,0,0,0,0,0,0,0,0,0,0,0,0
"Sphingobium",0,0,0,0,0,0,0,0,0,0,0,0,0,0,0,0,0,0,0,0,0,0,0,0,0,0,0,0,0,0,1923.22736191935,0,0,1394.41960052136,0,0,0,0,0,0,0,0,0,0,0,0,0,0,0,0,0,0,0,0,0,0,0,0,0,0
"Sphingomonas",9483.33829316904,9811.73463590181,0,893.02713264444,0,0,0,4452.46656073675,17541.0859520888,3127.2704917883,4356.94295062238,11613.0625356616,17917.1049632957,0,10961.4108446547,7628.55698219013,15881.3398431143,0,14483.6271304369,0,0,0,0,2057.16770256324,0,0,0,0,7159.44933271275,2058.1117143142,0,0,0,1652.50062585622,384.893442660763,0,710.215874198615,0,0,714.185855052489,7525.04870063724,8794.82097994521,5034.31460057492,4097.23108592956,4252.95415132335,9399.25733283052,8867.16060882771,4803.95566286928,0,0,0,0,1350.6113548145,0,0,743.615586389234,0,0,12820.8024307979,0
"Sphingopyxis",0,0,0,0,0,0,0,0,0,0,0,0,0,0,0,0,0,0,0,0,0,0,0,0,0,0,0,0,20969.5151505405,0,1611.24906925248,0,0,0,0,0,0,0,0,0,0,0,0,0,0,0,0,0,0,0,0,0,0,0,0,0,0,0,0,0
"Sphingorhabdus",0,0,0,0,0,0,0,0,0,0,0,0,0,0,0,0,0,0,0,0,0,0,0,0,0,0,0,0,0,0,0,0,0,0,0,0,0,0,0,0,0,0,0,0,0,0,0,0,0,0,1855.19750247117,0,2440.16929188787,0,0,0,0,0,0,0
"Sphingosinicella",0,808.521964737207,0,0,0,0,0,0,2414.81192050932,0,0,1357.48617246231,0,0,4776.55642593834,0,0,0,0,0,0,0,0,0,0,0,0,0,0,0,0,0,0,0,0,0,0,0,0,0,0,1820.94284121754,2641.83577433115,0,0,0,0,0,0,0,0,0,0,0,0,0,0,0,0,0
"Spirosoma",0,0,0,0,0,0,0,0,0,0,0,0,0,0,0,0,0,0,603.586283316672,0,0,0,0,51305.851971787,0,0,0,0,11348.3729588077,1693.59960122914,0,0,0,0,0,0,0,0,0,0,0,0,0,0,0,0,0,0,0,0,0,0,0,0,0,0,0,0,0,0
"Staphylococcus",0,0,0,0,0,0,944.495103229249,0,0,0,0,0,0,0,0,0,0,0,0,0,0,0,0,0,0,10761.5855479362,0,0,0,0,0,0,3928.59646714723,0,0,0,0,0,0,0,0,0,0,0,0,0,0,0,0,0,0,0,0,0,0,0,0,0,0,0
"Stenotrophomonas",5438.54193266981,0,842.676496091494,10065.2755315212,407.199255443031,0,0,0,0,0,0,0,0,0,0,0,0,4935.03365333768,4001.10097658771,0,0,0,0,3539.17202137162,0,0,0,0,0,0,881.51114635602,0,0,675.703048149444,0,0,694.537819580544,1430.26991771571,10616.3708880961,0,0,0,0,0,0,0,0,0,0,0,12669.8344973763,0,0,1831.17081136798,0,8024.74205241244,0,940.605910258665,0,0
"Steroidobacter",0,0,0,0,0,0,0,0,3287.14828413829,0,0,0,0,0,0,0,0,0,0,0,0,0,0,0,0,0,0,0,0,0,0,0,0,0,0,0,0,0,0,0,0,2746.78086808132,2711.92529487463,0,0,0,0,4554.51385997136,0,0,0,0,0,0,0,0,0,0,0,0
"Stockinghallvirus",0,0,0,0,0,0,0,0,0,0,0,0,0,0,0,0,0,0,0,0,0,0,0,0,0,530.427212689163,0,0,0,0,0,0,0,0,0,0,0,0,0,0,0,0,0,0,0,0,0,0,0,0,0,0,0,0,0,0,0,0,0,0
"Streptacidiphilus",0,0,0,0,0,0,0,5316.82801496555,0,0,0,0,0,0,0,0,0,0,0,0,0,0,0,0,0,0,0,0,0,0,0,0,0,0,0,0,0,0,0,0,0,0,0,0,0,0,0,0,0,0,0,0,0,0,0,0,0,0,0,0
"Streptococcus",0,0,0,0,0,0,0,0,0,0,0,0,0,0,0,0,0,0,0,0,0,0,0,0,0,0,0,0,0,0,0,0,588.781469087441,0,0,0,0,0,0,0,0,0,0,0,0,0,0,0,0,0,0,0,0,0,0,0,0,0,0,0
"Streptomyces",0,0,0,0,0,0,0,0,0,0,0,0,0,0,0,0,0,0,891.124688189526,0,0,0,0,0,0,1564.32550102919,0,0,0,0,0,0,0,0,0,0,0,0,0,0,0,0,2563.65900141727,0,0,0,0,0,0,0,0,0,0,0,0,0,0,0,0,0
"Streptosporangium",0,0,0,0,0,0,0,0,0,0,0,0,0,0,0,0,4969.52987646623,0,0,0,0,0,0,0,0,0,0,0,0,0,0,0,0,0,0,0,0,0,0,0,0,0,0,0,0,0,0,0,0,0,0,0,0,0,0,0,0,0,0,0
"Subdoligranulum",0,3148.85682011289,0,0,0,0,0,0,0,0,0,0,0,0,0,0,0,0,0,0,0,0,0,0,0,0,0,0,0,0,0,0,0,0,0,0,0,0,0,0,0,0,0,0,0,0,0,0,0,0,0,0,0,0,0,0,0,0,0,0
"Subtercola",0,0,0,0,0,0,0,0,0,0,0,0,0,0,0,0,0,0,0,0,0,0,0,0,0,0,0,0,0,0,0,0,0,0,0,0,0,0,0,0,0,0,0,0,0,0,0,0,0,0,0,0,0,0,0,1285.56157470294,0,0,0,0
"Succiniclasticum",0,0,0,0,0,0,0,0,0,0,0,0,0,0,0,0,0,0,0,0,0,0,0,0,0,0,0,0,0,0,0,0,0,0,0,0,0,1752.45136006637,0,0,0,0,0,0,0,0,0,0,0,0,0,0,0,0,0,0,0,0,0,0
"Sutterella",0,0,0,0,0,0,0,0,0,0,0,0,0,0,0,0,0,0,0,0,0,0,0,0,0,256.952854671553,0,0,0,0,0,0,0,0,0,0,0,0,0,0,0,0,0,0,0,0,0,0,0,0,0,0,0,0,0,0,0,0,0,0
"Tabrizicola",0,0,0,0,0,0,0,0,0,0,0,0,0,0,0,0,0,0,0,0,0,0,0,3023.44218727142,0,0,0,0,0,0,0,0,0,0,0,0,0,0,0,0,0,0,0,0,0,0,0,0,0,5184.85683389576,5206.08439907359,0,0,0,0,4214.04062428174,2108.09108471096,1865.69667148214,0,0
"Tepidimonas",0,0,0,0,0,0,0,0,0,0,0,1111.02898791941,0,0,0,0,0,0,0,0,0,0,0,0,0,0,0,0,0,0,728.204860033234,0,0,0,0,0,0,0,0,0,0,0,1180.73884607862,0,0,0,0,0,0,0,0,0,0,0,0,0,567.475329830301,744.080689146202,0,0
"Tequintavirus",0,0,0,0,0,0,0,0,0,0,0,0,0,0,0,0,0,0,0,0,0,0,0,0,0,0,0,3405.08250522467,0,0,0,0,0,0,0,0,0,0,0,0,0,0,0,0,0,0,0,0,0,0,0,0,0,0,0,0,0,0,0,0
"Terrabacter",0,0,0,0,0,0,0,0,3079.17405174992,0,0,0,0,0,0,0,0,0,1546.02802393393,0,0,0,0,0,0,0,0,0,0,0,0,0,0,0,0,0,0,0,0,0,0,0,0,0,1692.26433945913,4640.32735832169,0,0,0,0,0,0,0,0,1053.47571871111,0,0,0,2506.7286966145,0
"Terracoccus",0,0,0,0,0,0,0,0,0,0,0,935.551472524862,0,0,0,0,0,0,0,0,0,0,0,0,0,0,0,0,0,0,0,0,0,0,0,0,0,0,0,0,0,0,0,0,0,0,0,0,0,0,0,0,0,0,0,0,0,0,2126.66538344855,0
"Tessaracoccus",0,0,0,0,4825.25847649231,0,1413.7299112929,0,0,0,0,0,0,0,0,0,0,0,0,0,0,0,0,0,0,0,534.71019466531,0,0,0,0,0,0,0,0,0,0,0,0,0,0,0,0,0,0,0,0,0,0,0,0,0,0,0,0,0,0,0,0,0
"Tetrasphaera",0,978.202106272965,0,0,0,0,0,0,0,0,0,982.8712519571,0,0,0,0,0,0,0,0,0,0,0,0,0,0,0,0,0,0,0,0,0,1291.96925410056,0,0,0,0,0,0,0,0,0,0,0,0,0,0,0,0,0,0,0,0,0,0,0,0,0,0
"Thauera",0,0,0,0,0,0,0,0,0,0,0,0,0,0,0,0,0,0,0,0,0,0,0,0,0,0,0,0,0,0,7846.98226543181,0,0,1021.37520935553,0,0,0,0,0,0,0,0,0,0,0,0,0,0,0,0,0,0,0,0,0,0,0,0,0,0
"Thermoleophilum",0,0,0,0,0,0,0,0,0,3270.99607698934,3068.62018886102,0,0,0,0,0,3227.29068772181,0,0,0,0,0,0,0,0,0,0,0,0,0,0,0,0,0,0,0,0,0,0,0,0,0,0,0,0,0,0,0,0,0,0,0,0,0,0,0,0,0,0,0
"Thermomonas",0,0,0,0,0,0,0,0,0,0,0,0,0,0,0,6190.23069241398,0,0,0,0,0,0,0,0,0,0,0,0,0,0,2596.24195887638,0,0,4763.55007671095,0,0,0,0,0,0,0,0,0,0,0,0,0,0,0,0,0,0,0,0,0,0,0,0,0,0
"Thermopolyspora",0,0,0,0,0,0,0,4634.63576257276,0,0,0,1434.3808140397,0,0,0,0,0,0,0,0,0,0,0,0,0,0,0,0,0,0,0,0,0,0,0,0,0,0,0,0,0,0,0,0,3142.34234530705,0,0,0,0,0,0,0,0,0,0,0,0,0,0,0
"Thiobacillus",0,0,0,0,0,0,0,0,0,0,0,0,0,0,0,0,0,0,0,0,0,0,0,0,0,0,0,0,0,0,0,0,0,1866.78608325547,0,0,0,0,0,0,0,0,0,0,0,0,0,0,0,0,0,0,0,0,0,0,0,0,0,0
"Timonella",0,344.051899888173,0,0,1033.28128581359,0,0,0,0,0,0,0,0,0,0,0,0,0,0,0,0,0,0,0,0,0,592.723787945272,1133.77712718717,0,0,0,0,0,0,0,0,0,0,0,0,0,0,0,0,0,0,0,0,0,0,0,0,0,0,0,0,0,0,0,0
"Tuber",0,0,0,0,0,0,0,0,0,0,0,0,0,0,0,0,0,0,0,0,0,0,0,0,0,0,0,0,1667.32231254112,0,0,0,0,0,0,0,0,0,0,0,0,0,0,0,0,0,0,0,0,0,0,0,0,0,0,0,0,0,0,0
"Turicibacter",0,1082.19961237553,0,0,0,0,0,0,0,0,0,0,0,0,0,0,0,0,0,0,0,0,0,0,0,0,0,0,0,0,0,0,0,0,0,0,0,0,0,0,0,0,0,0,0,0,0,0,0,0,0,0,0,0,0,0,0,0,0,0
"Uetakevirus",0,0,0,0,109.968392539835,0,0,0,0,0,0,0,0,0,0,0,0,0,0,0,0,0,0,0,0,4143.85390503312,0,0,0,0,0,0,0,0,0,0,0,0,0,0,0,0,0,0,0,0,0,0,0,0,0,0,0,0,0,0,0,0,0,0
"Undibacterium",0,0,0,0,0,0,0,0,0,0,0,0,0,0,0,0,0,0,0,0,0,0,0,0,0,0,0,0,0,0,0,0,0,0,0,0,0,0,0,0,0,0,0,0,0,0,0,0,0,0,0,0,0,0,0,0,0,44681.0433631876,0,0
"UWOD_g",0,0,0,0,0,0,0,0,0,0,0,0,0,0,0,0,0,0,0,0,0,0,0,0,0,0,0,0,0,0,0,0,0,0,755.705417907107,0,0,0,0,0,0,0,0,0,0,0,0,0,0,0,0,0,0,0,0,0,0,0,0,0
"Vagococcus",1163.41077761186,0,1276.22313153645,0,0,0,0,0,0,0,0,0,0,0,0,0,0,0,0,0,0,0,0,0,0,0,0,0,0,0,0,0,0,0,0,0,0,0,0,0,0,0,0,0,0,0,0,0,0,0,0,0,0,0,0,0,0,0,0,0
"Variibacter",0,0,0,0,0,0,0,0,0,0,1965.98436304446,0,0,0,0,0,0,0,0,0,0,0,0,0,0,0,0,0,0,0,0,0,0,0,0,0,0,0,0,0,0,0,0,0,0,0,0,0,0,0,0,0,0,0,0,0,0,0,0,0
"Variovorax",0,0,0,0,0,0,0,0,0,0,0,0,0,0,0,0,0,0,720.067846763749,0,0,0,0,0,1128.82813453593,0,0,0,0,6062.81022747705,0,0,0,0,0,0,0,0,0,0,0,0,0,0,0,0,0,0,0,0,591.831744389798,0,0,0,0,570.849774357106,0,0,0,0
"Virus no name G",0,361.254494882582,213.200131166611,2392.73030648755,5613.65807029227,424017.995809641,485.804897593992,0,0,0,0,0,0,0,0,0,0,0,0,0,0,0,0,537.458228597604,0,67768.5980670982,5888.92701596596,7254.67316453264,122.929036575594,0,0,0,188.543316267888,0,0,0,0,1889.27737010232,2631.03147999061,0,0,0,0,0,0,0,0,0,0,20835.3400234069,0,0,0,0,402.693790087522,1626.49486916938,0,0,0,0
"Vitreoscilla",2938.60250637648,0,1937.26264437147,2982.7660905562,0,0,0,0,0,0,0,0,0,0,0,0,0,0,0,0,0,0,0,0,0,0,0,0,0,0,0,0,0,0,0,0,0,5001.90059348174,1323.20282067311,0,0,0,0,0,0,0,0,0,0,0,0,0,0,0,0,0,0,0,0,0
"Vulcaniibacterium",0,0,0,0,0,0,1734.96369241513,0,0,0,0,0,0,0,0,0,0,0,0,0,0,0,0,0,0,0,0,0,0,0,751.967334413266,0,0,1573.51219082949,0,0,0,0,0,0,0,0,0,0,0,0,0,0,0,0,0,0,0,0,0,0,0,0,0,0
"Weissella",0,44388.1686385271,0,0,0,0,0,0,0,0,0,0,0,0,0,0,0,0,0,0,0,0,0,0,0,0,7583.3617781807,0,0,0,0,0,195.871855062753,0,0,0,0,0,0,0,0,0,0,0,0,0,0,0,0,0,0,0,0,0,0,0,0,0,0,0
"Xenophilus",3042.7666491387,724.854798173492,0,0,0,0,0,971.150296684398,2068.18819986205,2785.30272010305,1847.29786790448,838.940256184044,7884.16380324383,2682.9310465258,1505.88938400042,765.298139088444,1986.98231287757,0,884.608237087592,1372.96294338831,2021.30700806141,2635.93646685308,605.435376677973,599.448059957851,453.189263314301,0,0,0,837.940331594396,393.133551567371,852.382951954691,0,0,0,0,0,0,0,0,0,0,2412.55718203506,1558.14395669735,2287.13059023181,2345.86344062748,2782.21970472323,3676.21889186848,4707.11355115597,14279.3110497667,0,1083.61170391141,8477.99086161618,825.913418411742,2640.70009673364,0,591.213805433136,919.013762064533,857.858448737628,2332.74415769853,1764.85340614721
"Xuquatrovirus",0,0,0,0,0,0,0,0,0,0,0,0,0,0,0,0,0,0,0,0,0,0,0,0,0,0,0,0,0,0,0,0,0,0,0,0,0,2863.90993420077,1840.2871142669,0,0,0,0,0,0,0,0,0,0,0,0,0,0,0,0,0,0,0,0,0
"Xylanimonas",0,0,0,0,0,0,0,0,0,0,0,0,0,0,0,0,0,0,0,0,0,0,0,0,0,0,0,0,0,0,0,0,0,0,0,0,0,0,0,0,0,0,1908.59155941475,0,0,0,0,0,0,0,0,0,0,0,0,0,0,0,0,0
"Xylophilus",0,0,0,0,0,0,0,0,0,0,0,0,0,0,0,0,0,0,3198.76293466204,0,0,0,0,0,1149.55325328506,0,0,0,0,271.41019250467,0,0,0,0,0,0,0,0,0,0,0,0,0,0,0,0,0,0,0,0,0,0,1618.79030008701,0,0,518.954340324642,0,0,0,0
"Yaniella",0,0,0,0,0,0,0,0,0,0,0,0,0,0,0,0,0,0,0,0,0,0,0,0,0,516.949144170012,0,0,0,0,0,0,1003.34358409696,0,0,0,0,0,0,0,0,0,0,0,0,0,0,0,0,0,0,0,0,0,0,0,0,0,0,0
"Zoogloea",0,0,0,0,0,0,0,0,0,0,0,0,0,0,0,0,0,0,0,0,0,0,0,0,0,0,0,0,0,0,0,0,0,0,0,0,0,0,0,0,0,0,0,0,0,0,0,0,0,0,0,0,0,0,0,0,0,643.232220417438,0,0
